Sin TCR: media512 = 0.0005570824999449542; media1024 = 0.003185032000183128; media2048 = 0.021912502000050155; media4096 = 0.16015416449983605; media8192 = 1.148412457142675;
Con TCR: media512 = 2.438900020933943e-05; media1024 = 6.238599999051076e-05; media2048 = 0.00018639999983861345; media4096 = 0.0006300940002256539; media8192 = 0.0022417919642196337;
SinTCR-1024/SinTCR-512 = 5.717343482334921; SinTCR-2048/SinTCR-1024 = 6.879837313656586; SinTCR-4096/SinTCR-2048 = 7.308803189132372; SinTCR-8192/SinTCR-4096 = 7.1706687161659834;
TCR-1024/TCR-512 = 2.5579564334343194; TCR-2048/TCR-1024 = 2.987849835972267; TCR-4096/TCR-2048 = 3.3803326221630585; TCR-8192/TCR-4096 = 3.5578690852742394;
media de la relacion del tiempo de las 1024 firmas (con TCR / sin TCR): 3.2328969659413573
Tamaño Clave             Firma sin TCR            Firma con TCR            Verify firma sin TCR     Verify firma con TCR     sin TCR / con TCR        
------------------------------------------------------------------------------------------------------------------------
512                      0.000629599999228958     0.00022399999579647556   3.149999974993989e-05    3.089999518124387e-05    2.810714335017252        
512                      0.0005572000009124167    0.00021099999867146835   2.680000034160912e-05    2.5000001187436283e-05   2.640758314790274        
512                      0.0005497999954968691    0.00020940000104019418   2.649999805726111e-05    2.4599998141638935e-05   2.6255969091009477       
512                      0.0005480999971041456    0.00020799999765586108   2.479999966453761e-05    2.4199995095841587e-05   2.6350961696210438       
512                      0.0005467000009957701    0.00020940000104019418   2.4599998141638935e-05   2.6599998818710446e-05   2.610792732951474        
512                      0.0005527999965124764    0.0002108000044245273    2.4299995857290924e-05   2.5000001187436283e-05   2.6223908202544433       
512                      0.000545599999895785     0.00020849999418715015   2.469999890308827e-05    2.390000008745119e-05    2.616786643197951        
512                      0.0005458000014186837    0.00020840000070165843   2.4100001610349864e-05   2.3799999326001853e-05   2.6190019173754266       
512                      0.0005483999993884936    0.00021179999748710543   2.5699999241624027e-05   2.42000023717992e-05     2.5892351553114663       
512                      0.0005537999968510121    0.0002103000006172806    2.4500004656147212e-05   2.4000000848900527e-05   2.633380861747395        
512                      0.0007196999940788373    0.00022509999689646065   2.8599999495781958e-05   2.600000152597204e-05    3.197245686368792        
512                      0.0005488000024342909    0.00020819999917875975   3.7699996028095484e-05   2.7600006433203816e-05   2.635927015365131        
512                      0.0005560999998124316    0.00021220000053290278   2.6500005333218724e-05   2.469999890308827e-05    2.620640897341587        
512                      0.0005490000039571896    0.00020980000408599153   2.6599998818710446e-05   2.4900000425986946e-05   2.616777851597033        
512                      0.0005483999993884936    0.00020799999765586108   2.6900001103058457e-05   2.390000008745119e-05    2.6365384883120484       
512                      0.0005480999971041456    0.0002114000017172657    2.439999661874026e-05    2.390000008745119e-05    2.592715197028215        
512                      0.0005509000038728118    0.00020710000535473228   2.5200002710334957e-05   2.359999780310318e-05    2.6600675501152207       
512                      0.0005495000004884787    0.00020850000146310776   2.4300003133248538e-05   2.3800006601959467e-05   2.6354915905634075       
512                      0.0005481999978655949    0.00022379999427357689   2.439999661874026e-05    2.3799999326001853e-05   2.4495085428620076       
512                      0.0005478000020957552    0.000207500001124572     3.290000313427299e-05    2.5600005756132305e-05   2.639999995792217        
512                      0.0005543000006582588    0.00021099999867146835   2.5499997718725353e-05   2.390000008745119e-05    2.6270142376698122       
512                      0.0005463999987114221    0.0002114000017172657    2.5000001187436283e-05   2.42000023717992e-05     2.5846735774496254       
512                      0.0005501999985426664    0.00020759999461006373   2.4599998141638935e-05   2.42000023717992e-05     2.6502890791308076       
512                      0.0005478000020957552    0.00020629999926313758   2.439999661874026e-05    2.3200002033263445e-05   2.6553562969092943       
512                      0.0005485000001499429    0.00021109999943291768   2.409999433439225e-05    2.3500004317611456e-05   2.598294654776835        
512                      0.0005504000000655651    0.00020670000230893493   2.4100001610349864e-05   2.3600005079060793e-05   2.6627962937462106       
512                      0.0005486000009113923    0.00020819999917875975   2.4199995095841587e-05   2.4000000848900527e-05   2.634966393253279        
512                      0.0005505000008270144    0.0002091000060318038    2.4100001610349864e-05   2.390000008745119e-05    2.632711549244452        
512                      0.0005591000008280389    0.0002091999995172955    2.409999433439225e-05    2.5300003471784294e-05   2.6725621516161406       
512                      0.0005546999964280985    0.00023979999969014898   2.7099995349999517e-05   2.5000001187436283e-05   2.313177636133607        
512                      0.000549100004718639     0.00021520000154851004   2.600000152597204e-05    2.4499997380189598e-05   2.5515799292169694       
512                      0.0005483999993884936    0.00020760000188602135   2.510000194888562e-05    2.3799999326001853e-05   2.641618470165437        
512                      0.0005493999997270294    0.00020979999681003392   2.4499997380189598e-05   2.359999780310318e-05    2.6186844999072645       
512                      0.0005577000047196634    0.00020790000417036936   2.4499997380189598e-05   2.3499997041653842e-05   2.6825396514308912       
512                      0.000546200004464481     0.0002086000022245571    2.4100001610349864e-05   2.3399996280204505e-05   2.618408430679204        
512                      0.0005477000013343059    0.0002080000049318187    2.42000023717992e-05     2.3399996280204505e-05   2.6331730209037207       
512                      0.0005539999983739108    0.00020930000027874485   2.4299995857290924e-05   2.340000355616212e-05    2.6469182877978783       
512                      0.0005458000014186837    0.00020960000256309286   2.5200002710334957e-05   2.3399996280204505e-05   2.6040076085132173       
512                      0.0005481000043801032    0.00020680000307038426   2.4300003133248538e-05   2.359999780310318e-05    2.6503868290251313       
512                      0.0005439000015030615    0.0002083999934257008    3.2000003557186574e-05   2.540000423323363e-05    2.609884926397437        
512                      0.0005493999997270294    0.0002080000049318187    2.5300003471784294e-05   2.4199995095841587e-05   2.641346089905718        
512                      0.0005469000025186688    0.00020770000264747068   2.469999890308827e-05    2.3600005079060793e-05   2.633124677648283        
512                      0.0005469999960041605    0.00020899999799439684   2.3799999326001853e-05   2.3799999326001853e-05   2.617224886379306        
512                      0.000553300000319723     0.00020979999681003392   2.4100001610349864e-05   2.370000584051013e-05    2.6372736355220994       
512                      0.0005434999984572642    0.0002116999967256561    2.3799999326001853e-05   2.3600005079060793e-05   2.5673122667148203       
512                      0.0005480999971041456    0.00020700000459328294   2.409999433439225e-05    2.3499997041653842e-05   2.6478260142122294       
512                      0.0005478999955812469    0.0002114000017172657    2.5000001187436283e-05   2.409999433439225e-05    2.591769116038272        
512                      0.0005522999999811873    0.0002108000044245273    2.4900000425986946e-05   2.3799999326001853e-05   2.620018920250674        
512                      0.0005487999951583333    0.0002103000006172806    2.3699998564552516e-05   2.3500004317611456e-05   2.6096052950426754       
512                      0.0005459999956656247    0.00025119999918388203   2.5800000003073364e-05   2.4499997380189598e-05   2.1735668687878653       
512                      0.0005504000000655651    0.0002114000017172657    2.469999890308827e-05    2.3999993572942913e-05   2.603595059576635        
512                      0.0005505000008270144    0.00020819999917875975   2.42000023717992e-05     2.439999661874026e-05    2.644092233421947        
512                      0.0005490999974426813    0.0002085999949485995    2.4300003133248538e-05   2.42000023717992e-05     2.6323106938616343       
512                      0.0005461999971885234    0.0002103000006172806    2.4199995095841587e-05   2.4000000848900527e-05   2.5972420141954173       
512                      0.0005470000032801181    0.00021070000366307795   2.42000023717992e-05     2.3699998564552516e-05   2.5961081811598077       
512                      0.0005510000046342611    0.00020710000535473228   2.439999661874026e-05    2.390000008745119e-05    2.660550412301912        
512                      0.000549900003534276     0.00021800000104121864   2.4199995095841587e-05   2.2799998987466097e-05   2.5224770683845223       
512                      0.0005479000028572045    0.00020900000527035445   2.4800006940495223e-05   2.3699998564552516e-05   2.6215310480421374       
512                      0.0005522999999811873    0.00020909999875584617   2.42000023717992e-05     2.370000584051013e-05    2.6413199582371862       
512                      0.0005743000001530163    0.0002151000007870607    2.5000001187436283e-05   2.3799999326001853e-05   2.669920957934107        
512                      0.0005492000054800883    0.00020990000484744087   2.559999848017469e-05    2.42000023717992e-05     2.616484005701938        
512                      0.0005448000010801479    0.0002108000044245273    2.4400003894697875e-05   2.390000008745119e-05    2.5844401785826463       
512                      0.0005513000069186091    0.00021230000129435211   2.359999780310318e-05    2.390000008745119e-05    2.596797002154684        
512                      0.000545299997611437     0.00020899999799439684   2.5000001187436283e-05   2.3999993572942913e-05   2.6090909226997034       
512                      0.0005527999965124764    0.0002344999957131222    2.529999619582668e-05    2.4300003133248538e-05   2.357356104981552        
512                      0.0005474000063259155    0.00020950000180164352   2.4100001610349864e-05   2.3500004317611456e-05   2.6128878358874608       
512                      0.0005665999997290783    0.00020819999917875975   2.390000008745119e-05    2.3500004317611456e-05   2.721421719327662        
512                      0.0005458000014186837    0.00020840000070165843   2.3699998564552516e-05   2.3499997041653842e-05   2.6190019173754266       
512                      0.0005483999993884936    0.000207199998840224     2.439999661874026e-05    2.3299995518755168e-05   2.6467181585815336       
512                      0.0005480999971041456    0.00021130000095581636   2.4100001610349864e-05   2.319999475730583e-05    2.5939422367478144       
512                      0.000552999998035375     0.00020950000180164352   2.340000355616212e-05    2.3699998564552516e-05   2.639618106347132        
512                      0.0005432999969343655    0.0002103000006172806    2.319999475730583e-05    2.3300002794712782e-05   2.583452188966479        
512                      0.0005516000019269995    0.00020960000256309286   2.3799999326001853e-05   2.359999780310318e-05    2.631679366325195        
512                      0.0005512000061571598    0.0002089000045089051    2.3500004317611456e-05   2.3699998564552516e-05   2.6385830266157937       
512                      0.0005504000000655651    0.00021079999714856967   2.359999780310318e-05    2.3699998564552516e-05   2.611005728228966        
512                      0.0006420999998226762    0.00033409999741706997   3.719999949680641e-05    3.260000084992498e-05    1.921879691070808        
512                      0.0007231999989016913    0.0003139000036753714    3.759999526664615e-05    3.460000152699649e-05    2.303918414889887        
512                      0.0007409000027109869    0.00031670000316808      3.6299999919719994e-05   3.360000118846074e-05    2.3394379390573423       
512                      0.0007875000010244548    0.00035930000012740493   4.3000000005122274e-05   4.0700004319660366e-05   2.191761761049857        
512                      0.0007250000053318217    0.00021520000154851004   2.5699999241624027e-05   2.4300003133248538e-05   3.3689591083408676       
512                      0.0005459999956656247    0.0002119999990100041    2.5000001187436283e-05   2.370000584051013e-05    2.5754716896949583       
512                      0.000553300000319723     0.00020980000408599153   2.469999890308827e-05    2.4000000848900527e-05   2.637273544060275        
512                      0.0005509000038728118    0.000210899997910019     2.5200002710334957e-05   2.4100001610349864e-05   2.6121384984928          
512                      0.0005490000039571896    0.00020990000484744087   2.6400004571769387e-05   2.4100001610349864e-05   2.6155311637854073       
512                      0.0005478999955812469    0.00021130000095581636   2.4000000848900527e-05   2.3200002033263445e-05   2.592995708011449        
512                      0.000548999996681232     0.00021230000129435211   2.409999433439225e-05    2.390000008745119e-05    2.5859632281398257       
512                      0.0005457000006572343    0.00021230000129435211   2.4199995095841587e-05   2.300000051036477e-05    2.570419205512043        
512                      0.0005470000032801181    0.00020759999461006373   2.409999433439225e-05    2.3300002794712782e-05   2.6348748433618767       
512                      0.0005462999979499727    0.0002086000022245571    2.3799999326001853e-05   2.3699998564552516e-05   2.618887785829853        
512                      0.0005512999996426515    0.00020930000027874485   2.390000008745119e-05    2.3100001271814108e-05   2.6340181505419613       
512                      0.0005467999944812618    0.00021009999909438193   2.4000000848900527e-05   2.359999780310318e-05    2.6025701896154043       
512                      0.0005472000048030168    0.0002069000038318336    2.3699998564552516e-05   2.300000051036477e-05    2.6447558949673864       
512                      0.0005514000004041009    0.00020710000535473228   2.3799999326001853e-05   2.3100001271814108e-05   2.662481825916096        
512                      0.0005435999992187135    0.0002082999999402091    4.410000110510737e-05    2.9900002118665725e-05   2.6096975486065754       
512                      0.0005746000024373643    0.00022029999672668055   2.6900001103058457e-05   2.4500004656147212e-05   2.608261511461813        
512                      0.000552199999219738     0.0002125000028172508    2.5000001187436283e-05   2.4000000848900527e-05   2.5985881971711215       
512                      0.0005544000014197081    0.00020760000188602135   2.4499997380189598e-05   2.390000008745119e-05    2.670520213791185        
512                      0.0005474999998114072    0.00020930000027874485   2.4900000425986946e-05   2.4000000848900527e-05   2.615862394086235        
512                      0.0005506000015884638    0.00021139999444130808   2.439999661874026e-05    2.3499997041653842e-05   2.604541230209584        
512                      0.0005487999951583333    0.0002086000022245571    2.479999966453761e-05    2.3399996280204505e-05   2.6308724319549732       
512                      0.0005507999958354048    0.0002116999967256561    2.4400003894697875e-05   2.4199995095841587e-05   2.6017950134840646       
512                      0.0005489000031957403    0.00020819999917875975   2.4499997380189598e-05   2.390000008745119e-05    2.636407326421057        
512                      0.0005497000020113774    0.00020939999376423657   2.559999848017469e-05    2.4199995095841587e-05   2.6251194765090804       
512                      0.0005498999962583184    0.00021099999867146835   2.800000220304355e-05    2.4400003894697875e-05   2.606161136116995        
512                      0.0005588999993051402    0.00020840000070165843   2.489999315002933e-05    2.4300003133248538e-05   2.6818617918588736       
512                      0.0005601999946520664    0.00021009999909438193   2.5300003471784294e-05   2.4400003894697875e-05   2.666349343487675        
512                      0.0005527999965124764    0.00020840000070165843   2.479999966453761e-05    2.7000001864507794e-05   2.6525911451596134       
512                      0.0005453000048873946    0.00021240000205580145   2.390000008745119e-05    2.4000000848900527e-05   2.5673257985380533       
512                      0.0005549999987124465    0.000207199998840224     2.4199995095841587e-05   2.3499997041653842e-05   2.678571437350335        
512                      0.0005486000009113923    0.0002082999999402091    2.469999890308827e-05    2.3399996280204505e-05   2.6337013973541223       
512                      0.000550200005818624     0.00021070000366307795   2.4900000425986946e-05   2.359999780310318e-05    2.6112956632807047       
512                      0.0005524999942281283    0.00020950000180164352   2.3799999326001853e-05   2.3600005079060793e-05   2.6372314533497727       
512                      0.0005516000019269995    0.00020809999841731042   2.5000001187436283e-05   2.370000584051013e-05    2.65064875599305         
512                      0.0005528999972739257    0.000207500001124572     4.0700004319660366e-05   2.9100003303028643e-05   2.664578285674292        
512                      0.000552199999219738     0.0002103000006172806    4.030000127386302e-05    2.8400005248840898e-05   2.6257726942410815       
512                      0.0005488999959197827    0.00021399999968707561   2.6900001103058457e-05   2.5000001187436283e-05   2.5649532557122385       
512                      0.0005500999977812171    0.00020780000340892002   2.5300003471784294e-05   2.4599998141638935e-05   2.6472569237580847       
512                      0.000549600001249928     0.00021019999985583127   2.5199995434377342e-05   2.4300003133248538e-05   2.6146527194428124       
512                      0.0005467000009957701    0.00021150000247871503   2.479999966453761e-05    2.439999661874026e-05    2.584869950773589        
512                      0.0005531999995582737    0.00020960000256309286   2.4400003894697875e-05   2.370000584051013e-05    2.639312942716935        
512                      0.0005457000006572343    0.00020899999799439684   2.4499997380189598e-05   2.390000008745119e-05    2.6110048128893486       
512                      0.0005478999955812469    0.00020940000104019418   2.529999619582668e-05    2.439999661874026e-05    2.6165233660914735       
512                      0.0005480000036186539    0.000210599995625671     2.42000023717992e-05     2.409999433439225e-05    2.6020893399859863       
512                      0.0005543999941437505    0.00020729999960167333   3.550000110408291e-05    2.8399997972883284e-05   2.6743849262374786       
512                      0.0005474999998114072    0.00021200000628596172   2.5300003471784294e-05   2.4400003894697875e-05   2.582547092347241        
512                      0.0005457999941427261    0.00020760000188602135   2.5000001187436283e-05   2.390000008745119e-05    2.6290943602321675       
512                      0.0005556999967666343    0.00020740000036312267   2.479999966453761e-05    2.390000008745119e-05    2.6793635284170523       
512                      0.0005466999937198125    0.00020899999799439684   2.4300003133248538e-05   2.3799999326001853e-05   2.615789468737072        
512                      0.0005486000009113923    0.00021189999824855477   2.4599998141638935e-05   2.4000000848900527e-05   2.588957080914624        
512                      0.0005470000032801181    0.00021070000366307795   2.439999661874026e-05    2.4000000848900527e-05   2.5961081811598077       
512                      0.0005439000015030615    0.00020650000078603625   2.3799999326001853e-05   2.3799999326001853e-05   2.6338983023376366       
512                      0.0005471999975270592    0.0002184999975725077    2.4100001610349864e-05   2.3699998564552516e-05   2.5043478425919647       
512                      0.0005516000019269995    0.00021349999587982893   2.559999848017469e-05    2.4599998141638935e-05   2.5836066162618305       
512                      0.0005816000048071146    0.00021549999655690044   2.600000152597204e-05    2.4299995857290924e-05   2.69883997261944         
512                      0.0005476000005728565    0.0002088999972329475    2.5199995434377342e-05   2.4300003133248538e-05   2.6213499656595          
512                      0.0005476000005728565    0.00020989999757148325   2.469999890308827e-05    2.390000008745119e-05    2.6088613954669846       
512                      0.0005486000009113923    0.00020899999799439684   2.3800006601959467e-05   2.3500004317611456e-05   2.6248804123246927       
512                      0.0005549999987124465    0.00021149999520275742   2.3799999326001853e-05   2.3100001271814108e-05   2.6241135286097195       
512                      0.0005479999963426962    0.00020950000180164352   2.42000023717992e-05     2.3699998564552516e-05   2.6157517500240766       
512                      0.0005480000036186539    0.00021009999909438193   2.390000008745119e-05    2.3100001271814108e-05   2.6082817990516944       
512                      0.0005458999949041754    0.00020850000146310776   2.4199995095841587e-05   2.390000008745119e-05    2.618225376850981        
512                      0.0005643999975291081    0.00020909999875584617   2.439999661874026e-05    2.300000051036477e-05    2.6991869961134          
512                      0.0005462999979499727    0.00020769999537151307   2.370000584051013e-05    2.3600005079060793e-05   2.6302359659315626       
512                      0.0007877999960328452    0.00022370000078808516   2.920000406447798e-05    2.6100002287421376e-05   3.5216807923891857       
512                      0.0005518000034498982    0.00021289999858709052   2.5999994250014424e-05   2.4400003894697875e-05   2.5918271823011527       
512                      0.0005574000024353154    0.000210899997910019     2.5200002710334957e-05   2.409999433439225e-05    2.642958785960403        
512                      0.0005476000005728565    0.00020899999799439684   2.5699999241624027e-05   2.510000194888562e-05    2.620095721663774        
512                      0.0005442999972729012    0.0002125000028172508    2.5000001187436283e-05   2.559999848017469e-05    2.5614117179141744       
512                      0.0005457000006572343    0.00021150000247871503   2.479999966453761e-05    2.370000584051013e-05    2.5801418168406527       
512                      0.0005541999998968095    0.00020789999689441174   2.4299995857290924e-05   2.359999780310318e-05    2.6657047050283342       
512                      0.0005488000024342909    0.00020909999875584617   2.9599999834317714e-05   2.529999619582668e-05    2.6245815671911723       
512                      0.0005508999965968542    0.000210899997910019     3.309999738121405e-05    2.510000194888562e-05    2.612138463993238        
512                      0.0005470000032801181    0.00021040000137872994   3.2300005841534585e-05   2.5300003471784294e-05   2.5998098844851825       
512                      0.0005531999995582737    0.00020909999875584617   2.600000152597204e-05    2.4499997380189598e-05   2.6456241169289196       
512                      0.0005429000011645257    0.00021109999943291768   2.479999966453761e-05    2.4000000848900527e-05   2.5717669475269034       
512                      0.0005449000018415973    0.00021120000019436702   2.4499997380189598e-05   2.4100001610349864e-05   2.580018945739236        
512                      0.0005501999985426664    0.00020939999376423657   2.479999966453761e-05    2.4100001610349864e-05   2.6275072346092645       
512                      0.0005548999979509972    0.00020950000180164352   2.4500004656147212e-05   2.3799999326001853e-05   2.6486873182768824       
512                      0.0005452000041259453    0.00021299999934853986   2.4000000848900527e-05   2.4000000848900527e-05   2.559624440344782        
512                      0.0005474000063259155    0.00020740000036312267   2.559999848017469e-05    2.3499997041653842e-05   2.639344288175071        
512                      0.000545599999895785     0.00021469999774126336   2.5000001187436283e-05   2.390000008745119e-05    2.5412203336550188       
512                      0.0005440999957500026    0.00020709999807877466   2.42000023717992e-05     2.3699998564552516e-05   2.627233224517188        
512                      0.0005826999986311421    0.0002181999952881597    2.6799993065651506e-05   2.479999966453761e-05    2.670485844244019        
512                      0.000548999996681232     0.00021099999867146835   2.479999966453761e-05    2.469999890308827e-05    2.6018957352508667       
512                      0.00054929999896558      0.00021009999909438193   2.42000023717992e-05     2.3299995518755168e-05   2.614469306679156        
512                      0.0005499999970197678    0.00021179999748710543   2.4300003133248538e-05   2.390000008745119e-05    2.596789440723446        
512                      0.000563599998713471     0.00022449999960372224   2.890000178012997e-05    2.6500005333218724e-05   2.5104677047140913       
512                      0.0005524000007426366    0.0002117000040016137    2.6299996534362435e-05   2.4900000425986946e-05   2.6093528120029035       
512                      0.0005519999976968393    0.0002099999983329326    2.529999619582668e-05    2.4300003133248538e-05   2.628571438470691        
512                      0.0005619000003207475    0.00021150000247871503   2.479999966453761e-05    2.4100001610349864e-05   2.656737559032871        
512                      0.0005472999982885085    0.00020789999689441174   2.4900000425986946e-05   2.3399996280204505e-05   2.6325156636075913       
512                      0.000548999996681232     0.0002082999999402091    2.439999661874026e-05    2.3799999326001853e-05   2.6356216842958147       
512                      0.0005498000027728267    0.00020959999528713524   3.2999996619764715e-05   2.61999957729131e-05     2.623091675262896        
512                      0.0005509000038728118    0.00020989999757148325   2.5300003471784294e-05   2.3999993572942913e-05   2.6245831836429536       
512                      0.0005532999930437654    0.00020850000146310776   2.489999315002933e-05    2.42000023717992e-05     2.653716974393724        
512                      0.0005477000013343059    0.00020809999841731042   2.460000541759655e-05    2.3800006601959467e-05   2.6319077630936993       
512                      0.0005543000006582588    0.00020969999604858458   2.4100001610349864e-05   2.3399996280204505e-05   2.643300005260063        
512                      0.0005505000008270144    0.00020780000340892002   2.42000023717992e-05     2.390000008745119e-05    2.649181866199063        
512                      0.0005482999986270443    0.00020640000002458692   5.319999763742089e-05    2.4000000848900527e-05   2.6564922410936496       
512                      0.000545900002180133     0.0002106000029016286    2.479999966453761e-05    2.3799999326001853e-05   2.5921177334224597       
512                      0.0005499999970197678    0.00020700000459328294   2.4400003894697875e-05   2.3699998564552516e-05   2.6570047575622855       
512                      0.0005480999971041456    0.00020780000340892002   2.4100001610349864e-05   2.3799999326001853e-05   2.6376322815816557       
512                      0.0005441999965114519    0.0002086000022245571    3.2500000088475645e-05   2.5800000003073364e-05   2.6088206649471783       
512                      0.0005583999954978935    0.0002114000017172657    2.5399996957276016e-05   2.439999661874026e-05    2.6414379894126903       
512                      0.0005458000014186837    0.00020909999875584617   2.499999391147867e-05    2.390000008745119e-05    2.6102343599532127       
512                      0.0005500000042957254    0.00020700000459328294   2.4599998141638935e-05   2.3799999326001853e-05   2.6570047927118385       
512                      0.0005472000048030168    0.00020909999875584617   2.3999993572942913e-05   2.4100001610349864e-05   2.6169297372495453       
512                      0.000555899998289533     0.0002099999983329326    2.4100001610349864e-05   2.3200002033263445e-05   2.6471428700118977       
512                      0.0005438000007416122    0.0002103000006172806    2.4900000425986946e-05   2.3299995518755168e-05   2.585829762935947        
512                      0.0005439000015030615    0.0002103000006172806    2.4000000848900527e-05   2.3100001271814108e-05   2.5863052777298403       
512                      0.0005480000036186539    0.00020819999917875975   2.4100001610349864e-05   2.3499997041653842e-05   2.632084561864686        
512                      0.0005508000031113625    0.0002066000015474856    2.3499997041653842e-05   2.359999780310318e-05    2.666021292283315        
512                      0.0005469999960041605    0.00020850000146310776   2.5499997718725353e-05   2.390000008745119e-05    2.623501161466166        
512                      0.0005476000005728565    0.00020710000535473228   2.4500004656147212e-05   2.3200002033263445e-05   2.6441332033521543       
512                      0.000552999998035375     0.0002114000017172657    2.390000008745119e-05    2.3699998564552516e-05   2.6158940091920058       
512                      0.0005441000030259602    0.0002083999934257008    2.390000008745119e-05    2.340000355616212e-05    2.61084462663356         
512                      0.0005492000054800883    0.00020650000078603625   2.409999433439225e-05    2.340000355616212e-05    2.6595641810633146       
512                      0.0005489000031957403    0.00020819999917875975   2.390000008745119e-05    2.3499997041653842e-05   2.636407326421057        
512                      0.0005557000040425919    0.00020930000027874485   2.4299995857290924e-05   2.3299995518755168e-05   2.655040627341199        
512                      0.0005537999968510121    0.00020899999799439684   2.3499997041653842e-05   2.390000008745119e-05    2.6497607759109125       
1024                     0.003197300000465475     0.0011221000022487715    6.520000169984996e-05    6.10999995842576e-05     2.8493895321788156       
1024                     0.003148000003420748     0.0011081999982707202    6.180000491440296e-05    5.990000499878079e-05    2.840642490825675        
1024                     0.003144900001643691     0.0011077000017394312    5.989999772282317e-05    5.94000011915341e-05     2.8391261142053144       
1024                     0.003238899997086264     0.00114640000538202      6.690000009257346e-05    6.350000330712646e-05    2.8252791188769675       
1024                     0.0031791000001248904    0.0011145000025862828    6.770000618416816e-05    6.140000186860561e-05    2.8524898992799863       
1024                     0.003160200001730118     0.0011095999943790957    6.169999687699601e-05    6.0200000007171184e-05   2.8480533685461005       
1024                     0.0031648000003769994    0.0011109000042779371    7.089999417075887e-05    6.22000006842427e-05     2.8488612730126475       
1024                     0.0031680000029155053    0.0011137000037706457    6.169999687699601e-05    6.079999729990959e-05    2.844572139884737        
1024                     0.0031596000044373795    0.0011094000001321547    8.969999908003956e-05    6.310000026132911e-05    2.8480259636389036       
1024                     0.0031729000038467348    0.0011048000014852732    6.310000026132911e-05    6.040000153006986e-05    2.8719225195339835       
1024                     0.003163900000799913     0.0011144000018248335    6.459999713115394e-05    6.059999577701092e-05    2.8391062415820323       
1024                     0.0031691000040154904    0.0011147000041091815    6.0999998822808266e-05   6.029999349266291e-05    2.8430070802306076       
1024                     0.0031680000029155053    0.001109199998609256     6.779999966965988e-05    6.129999383119866e-05    2.8561125197328043       
1024                     0.0031585000033373944    0.0011125000019092113    6.130000110715628e-05    6.009999924572185e-05    2.8391011217231017       
1024                     0.0031854999979259446    0.0011220999949728139    6.269999721553177e-05    6.030000076862052e-05    2.8388735515528833       
1024                     0.003165800000715535     0.0011134000014862977    6.059999577701092e-05    5.999999848427251e-05    2.8433626697408405       
1024                     0.0036653999995905906    0.0014283999989856966    6.550000398419797e-05    6.10999995842576e-05     2.566087932087218        
1024                     0.0031526000020676292    0.0011130999992019497    7.349999941652641e-05    6.320000102277845e-05    2.832270240165235        
1024                     0.0031711999981780536    0.001116400002501905     6.169999687699601e-05    6.0399994254112244e-05   2.8405589314504165       
1024                     0.003167100003338419     0.0011119999981019646    7.270000060088933e-05    6.299999949987978e-05    2.8481115186548878       
1024                     0.0031644999980926514    0.0011142000003019348    6.200000643730164e-05    6.009999924572185e-05    2.8401543683675374       
1024                     0.003226200002245605     0.0011357999974279664    6.320000102277845e-05    6.0699996538460255e-05   2.8404648789851876       
1024                     0.0031498999960604124    0.0011126000026706606    6.070000381441787e-05    6.040000153006986e-05    2.831116293815802        
1024                     0.0032678999996278435    0.0011378999988664873    6.70000008540228e-05     6.22000006842427e-05     2.871869235330999        
1024                     0.00315509999927599      0.0011101999989477918    6.609999400097877e-05    6.159999611554667e-05    2.8419203767485874       
1024                     0.003152699995553121     0.0011108999970019795    6.259999645408243e-05    6.179999763844535e-05    2.837969217806653        
1024                     0.003158100000291597     0.00110859999404056      6.430000212276354e-05    6.0200000007171184e-05   2.848728141140557        
1024                     0.00315509999927599      0.0011037000003852881    6.079999729990959e-05    5.919999966863543e-05    2.8586572421623475       
1024                     0.0031959999978425913    0.0011109000042779371    6.199999916134402e-05    5.999999848427251e-05    2.8769466068369742       
1024                     0.0031559999988530762    0.0011054000060539693    6.260000373004004e-05    5.919999966863543e-05    2.8550750692677216       
1024                     0.003182699998433236     0.0011127999969176017    6.10999995842576e-05     5.96999961999245e-05     2.8600826808493442       
1024                     0.0031505000006291084    0.0011159999994561076    7.899999764049426e-05    6.589999975403771e-05    2.8230286757746703       
1024                     0.003189600000041537     0.0011298999961582012    6.650000432273373e-05    6.280000525293872e-05    2.8229046914652347       
1024                     0.003162999993946869     0.0011240000021643937    7.74000000092201e-05     6.610000127693638e-05    2.814056928697635        
1024                     0.003177200000209268     0.0011166000040248036    6.359999679261819e-05    6.25000029685907e-05     2.845423597310583        
1024                     0.0031882000039331615    0.0011146999968332238    6.25000029685907e-05     6.0800004575867206e-05   2.860141753826671        
1024                     0.003163100001984276     0.0011110999985248782    6.199999916134402e-05    6.0200000007171184e-05   2.8468184737500493       
1024                     0.0032072000030893832    0.001130399999965448     6.44999963697046e-05     6.0999998822808266e-05   2.8372257636123632       
1024                     0.0031604999967385083    0.0011079999967478216    6.690000009257346e-05    6.110000686021522e-05    2.8524368285335218       
1024                     0.0031519000040134415    0.0011064999998779967    6.410000059986487e-05    6.10999995842576e-05     2.8485314092733587       
1024                     0.003176099999109283     0.0011147999975946732    6.340000254567713e-05    5.989999772282317e-05    2.8490312217098444       
1024                     0.003152199999021832     0.00111339999421034      6.0200000007171184e-05   5.869999586138874e-05    2.8311478493023308       
1024                     0.0031713000062154606    0.0011053999987780116    7.749999349471182e-05    6.489999941550195e-05    2.868916238213536        
1024                     0.003183499997248873     0.0011181000008946285    6.339999526971951e-05    6.150000263005495e-05    2.847240850283204        
1024                     0.0032047999993665144    0.0011560000057215802    8.10999990790151e-05     6.630000279983506e-05    2.7723183248308585       
1024                     0.003172400000039488     0.0011225999987800606    6.38999990769662e-05     6.120000034570694e-05    2.825939785753575        
1024                     0.0032032000017352402    0.0011121999996248633    6.340000254567713e-05    6.030000076862052e-05    2.880057546138874        
1024                     0.0031875999993644655    0.001119600005040411     6.669999856967479e-05    6.170000415295362e-05    2.8470882324169087       
1024                     0.00315989999944577      0.0011156000036862679    6.379999831551686e-05    5.9799996961373836e-05   2.8324668241345807       
1024                     0.003148499999952037     0.0011143000010633841    6.300000677583739e-05    6.009999924572185e-05    2.825540695456701        
1024                     0.0031531999993603677    0.0011075000002165325    6.170000415295362e-05    5.950000195298344e-05    2.847133181710041        
1024                     0.00319360000139568      0.0011183000024175271    6.430000212276354e-05    6.10999995842576e-05     2.8557632070927257       
1024                     0.0031601000009686686    0.0011340000055497512    6.740000389982015e-05    6.040000153006986e-05    2.786684290567252        
1024                     0.0031756999960634857    0.0011211999953957275    6.199999916134402e-05    5.9799996961373836e-05   2.832411709868606        
1024                     0.003173899996909313     0.0011088000028394163    6.439999560825527e-05    6.0500002291519195e-05   2.862463914846308        
1024                     0.00315509999927599      0.001105800001823809     6.739999662386253e-05    5.989999772282317e-05    2.853228426543901        
1024                     0.0031946999952197075    0.0011270999966654927    7.780000305501744e-05    6.610000127693638e-05    2.8344423783791823       
1024                     0.003170800002408214     0.0011138999980175868    6.350000330712646e-05    6.059999577701092e-05    2.846575103735795        
1024                     0.003340600000228733     0.0011364999954821542    7.890000415500253e-05    6.600000051548705e-05    2.9393752868529495       
1024                     0.0032124999997904524    0.0011200999942957424    7.719999848632142e-05    6.539999594679102e-05    2.86804751017814         
1024                     0.0031939999971655197    0.001120900000387337     6.310000026132911e-05    7.46000005165115e-05     2.849495937248465        
1024                     0.0031498999960604124    0.0011052999980165623    7.570000161649659e-05    6.379999831551686e-05    2.84981453154152         
1024                     0.0031717000019853003    0.0011108000035164878    6.410000059986487e-05    6.089999806135893e-05    2.855329485005914        
1024                     0.003161199994792696     0.0011338999975123443    7.200000254670158e-05    6.310000026132911e-05    2.787900169087249        
1024                     0.0031719999969936907    0.0011250000025029294    6.199999916134402e-05    6.0500002291519195e-05   2.8195555466102595       
1024                     0.0031713999997009523    0.0011035999996238388    6.569999823113903e-05    6.030000076862052e-05    2.873686118867272        
1024                     0.0031719999969936907    0.001113500002247747     6.310000026132911e-05    6.079999729990959e-05    2.8486753395514945       
1024                     0.003147899995383341     0.0011060999968321994    5.989999772282317e-05    6.10999995842576e-05     2.8459452168870154       
1024                     0.003165800000715535     0.001109500000893604     6.130000110715628e-05    6.009999924572185e-05    2.853357366530657        
1024                     0.0031549000050290488    0.0011035999996238388    6.420000136131421e-05    6.040000153006986e-05    2.8587350544621186       
1024                     0.0031526000020676292    0.0011127999969176017    6.079999729990959e-05    5.9300000430084765e-05   2.8330337983466642       
1024                     0.003157799998007249     0.0011042999976780266    8.030000026337802e-05    6.480000593001023e-05    2.859549039796293        
1024                     0.003169800002069678     0.001120900000387337     6.720000237692147e-05    6.160000339150429e-05    2.827906147715519        
1024                     0.0031983000008040108    0.001152400000137277     6.430000212276354e-05    6.0800004575867206e-05   2.7753384245253563       
1024                     0.0031706000008853152    0.0011117000030935742    6.349999603116885e-05    6.040000153006986e-05    2.852028417794687        
1024                     0.0032022000013967045    0.001137600003858097     6.820000271545723e-05    6.270000449148938e-05    2.814873409402822        
1024                     0.003166299997246824     0.0011243999979342334    7.819999882485718e-05    6.510000093840063e-05    2.8159907533475668       
1024                     0.003188199996657204     0.0011291000046185218    6.500000017695129e-05    6.209999992279336e-05    2.823664851311705        
1024                     0.0031731000053696334    0.0011070999971707352    6.790000043110922e-05    6.159999611554667e-05    2.8661367658555625       
1024                     0.003177599995979108     0.0011068000021623448    6.25000029685907e-05     6.060000305296853e-05    2.8709793908303767       
1024                     0.0031536999958916567    0.001112899997679051     7.749999349471182e-05    6.55999974696897e-05     2.833767636327331        
1024                     0.003169000003254041     0.0011210999946342781    6.420000136131421e-05    6.10999995842576e-05     2.8266880906442453       
1024                     0.0031780999997863546    0.001127199997426942     6.330000178422779e-05    6.0999998822808266e-05   2.8194641652244496       
1024                     0.003170500000123866     0.0011281999977654777    7.049999840091914e-05    5.999999848427251e-05    2.8102286885334022       
1024                     0.003153300000121817     0.0011133000007248484    6.140000186860561e-05    6.399999983841553e-05    2.832390189588398        
1024                     0.0031766999964020215    0.001111799996579066     6.0699996538460255e-05   5.9600002714432776e-05   2.857258505285586        
1024                     0.003158899999107234     0.0011115000015706755    7.889999687904492e-05    7.01000026310794e-05     2.8420152898275757       
1024                     0.0031746000022394583    0.0011169999997946434    6.240000220714137e-05    5.950000195298344e-05    2.8420769944700965       
1024                     0.003160699998261407     0.0011142000003019348    7.639999967068434e-05    6.370000483002514e-05    2.836743849762067        
1024                     0.003163599998515565     0.0011176999978488311    6.209999992279336e-05    5.999999848427251e-05    2.830455403600566        
1024                     0.003183699998771772     0.0011401000010664575    7.639999967068434e-05    6.61999947624281e-05     2.7924743406663595       
1024                     0.003173000004608184     0.0011071000044466928    6.27999979769811e-05     6.049999501556158e-05    2.8660464202544995       
1024                     0.0032221000001300126    0.0011329999979352579    6.459999713115394e-05    6.159999611554667e-05    2.843865848192288        
1024                     0.003160699998261407     0.0011126999961561523    6.239999493118376e-05    8.240000170189887e-05    2.840567996027786        
1024                     0.003171600001223851     0.0011071000044466928    6.149999535409734e-05    6.0699996538460255e-05   2.8647818521227046       
1024                     0.0031672000040998682    0.0011389999999664724    6.299999949987978e-05    6.0200000007171184e-05   2.7806848149193133       
1024                     0.003151400000206195     0.0011052999980165623    6.049999501556158e-05    5.919999966863543e-05    2.8511716329153316       
1024                     0.003151400000206195     0.0011054000060539693    6.0200000007171184e-05   5.96999961999245e-05     2.850913680972364        
1024                     0.0031498000025749207    0.0011072999986936338    8.049999451031908e-05    9.010000212583691e-05    2.844576904444125        
1024                     0.0031889000019873492    0.0011253000047872774    6.369999755406752e-05    6.209999992279336e-05    2.833822081596958        
1024                     0.0031805000035092235    0.0011803000015788712    7.74000000092201e-05     6.550000398419797e-05    2.694653900919014        
1024                     0.0031674999991082586    0.001109699995140545     9.380000119563192e-05    7.429999823216349e-05    2.8543750680174513       
1024                     0.0032217999978456646    0.001139200001489371     6.669999856967479e-05    6.299999949987978e-05    2.8281249944114615       
1024                     0.0031759999983478338    0.0011163000017404556    6.500000017695129e-05    6.059999577701092e-05    2.8451133148759653       
1024                     0.0032177999964915216    0.0011210000011487864    6.399999983841553e-05    6.140000186860561e-05    2.870472786078467        
1024                     0.0031605999974999577    0.0011400000003050081    7.439999899361283e-05    6.339999526971951e-05    2.7724561374160843       
1024                     0.003148999996483326     0.0011049999957322143    6.240000220714137e-05    5.959999543847516e-05    2.8497737634801354       
1024                     0.003190700001141522     0.001138899999205023     6.569999823113903e-05    6.209999992279336e-05    2.8015629145392045       
1024                     0.0031686000002082437    0.00110599999607075      6.089999806135893e-05    5.989999772282317e-05    2.864918636044507        
1024                     0.003182399996148888     0.001109199998609256     6.170000415295362e-05    6.060000305296853e-05    2.8690948432555574       
1024                     0.003160399995977059     0.0011236999998800457    6.410000059986487e-05    5.999999848427251e-05    2.812494434737412        
1024                     0.003156000006129034     0.0011111999992863275    6.169999687699601e-05    6.009999924572185e-05    2.840172793516907        
1024                     0.0031726000015623868    0.0011199000000488013    7.370000093942508e-05    6.350000330712646e-05    2.8329315130137833       
1024                     0.0031746000022394583    0.001113199999963399     6.149999535409734e-05    6.0500002291519195e-05   2.8517786582319764       
1024                     0.0031721000050310977    0.0011287000015727244    7.730000652372837e-05    6.520000169984996e-05    2.8104013472234524       
1024                     0.0031696000005467795    0.0011108000035164878    6.259999645408243e-05    6.0999998822808266e-05   2.85343895436865         
1024                     0.0031959000043570995    0.001116100000217557     6.319999374682084e-05    6.0699996538460255e-05   2.863453098946452        
1024                     0.0031608999997843057    0.0011079000032623298    6.240000220714137e-05    6.009999924572185e-05    2.8530553213076075       
1024                     0.0031946000017342158    0.0011153000014019199    6.240000220714137e-05    6.0800004575867206e-05   2.8643414307528365       
1024                     0.0031516000017290935    0.0011089000036008656    6.539999594679102e-05    6.0200000007171184e-05   2.842095762913778        
1024                     0.0031582000010530464    0.001105199997255113     6.0200000007171184e-05   5.989999772282317e-05    2.8575823460882983       
1024                     0.00317209999775514      0.0011048000014852732    6.349999603116885e-05    6.059999577701092e-05    2.8711984010595817       
1024                     0.0031500000040978193    0.001106299998355098     6.0399994254112244e-05   6.040000153006986e-05    2.8473289422230827       
1024                     0.003162599998177029     0.0011078999959863722    7.110000296961516e-05    6.19000056758523e-05     2.8545897731151637       
1024                     0.0031600000002072193    0.0011171000005560927    6.269999721553177e-05    6.0200000007171184e-05   2.828753019992991        
1024                     0.0032123000055435114    0.0011566999964998104    6.669999856967479e-05    6.259999645408243e-05    2.777124591738544        
1024                     0.0031746000022394583    0.0011107999962405302    6.310000026132911e-05    6.140000186860561e-05    2.857940234951205        
1024                     0.0031726000015623868    0.0011161999937030487    6.269999721553177e-05    6.059999577701092e-05    2.8423221819211175       
1024                     0.0031821000011404976    0.0011224999980186112    7.370000093942508e-05    6.399999983841553e-05    2.8348329681580435       
1024                     0.003170800002408214     0.001109000004362315     6.350000330712646e-05    6.090000533731654e-05    2.859152380465005        
1024                     0.003160699998261407     0.0011109999977634288    6.500000017695129e-05    6.130000110715628e-05    2.8449144956113956       
1024                     0.003168899995216634     0.0011173000020789914    6.25000029685907e-05     5.999999848427251e-05    2.836212287944306        
1024                     0.003166299997246824     0.0011050999964936636    6.0200000007171184e-05   5.999999848427251e-05    2.8651705793983133       
1024                     0.0031619000001228414    0.001120900000387337     6.0800004575867206e-05   5.9300000430084765e-05   2.8208582380499765       
1024                     0.003787900001043454     0.0014418000064324588    6.310000026132911e-05    5.950000195298344e-05    2.627202097478211        
1024                     0.003168399998685345     0.0011109000042779371    6.369999755406752e-05    6.0999998822808266e-05   2.8521018871943764       
1024                     0.0031718999962322414    0.001115799997933209     6.089999806135893e-05    5.9600002714432776e-05   2.842713749872322        
1024                     0.0031648000003769994    0.0011071000044466928    7.390000246232376e-05    6.340000254567713e-05    2.858639678137031        
1024                     0.003169000003254041     0.0011272999981883913    6.230000144569203e-05    6.030000076862052e-05    2.811141673331615        
1024                     0.0031779999990249053    0.0011522999993758276    6.539999594679102e-05    6.189999839989468e-05    2.7579623368448747       
1024                     0.00317689999792492      0.0011101000054623       6.199999916134402e-05    6.0000005760230124e-05   2.8618142350174147       
1024                     0.0031951000055414625    0.001131199998781085     7.859999459469691e-05    6.549999670824036e-05    2.8245226387767994       
1024                     0.0031781999932718463    0.0011369999992894009    0.00010779999865917489   9.049999789567664e-05    2.7952506554601135       
1024                     0.003473400000075344     0.0012826000020140782    7.560000085504726e-05    6.349999603116885e-05    2.7080929320294973       
1024                     0.0034489000026951544    0.0014054999992367812    0.00012730000162264332   9.620000491850078e-05    2.4538598396072477       
1024                     0.003250300003855955     0.0011349000051268376    8.659999730298296e-05    6.579999899258837e-05    2.8639527616291605       
1024                     0.0035941000023740344    0.0011415999979362823    9.960000170394778e-05    6.730000313837081e-05    3.1483006384646446       
1024                     0.003154400001221802     0.0011123000003863126    0.00010070000280393288   7.729999924777076e-05    2.835925559764675        
1024                     0.003169800002069678     0.0011382000011508353    0.0001272999943466857    6.740000389982015e-05    2.7849235625238884       
1024                     0.0034248000010848045    0.0011350999993737787    0.00011600000289035961   6.600000051548705e-05    3.01717910578295         
1024                     0.0031659000014769845    0.0011177000051247887    8.240000170189887e-05    7.490000280085951e-05    2.832513185077349        
1024                     0.003162400003930088     0.00112749999971129      6.440000288421288e-05    6.079999729990959e-05    2.804789361188345        
1024                     0.0031684999994467944    0.0011059000025852583    7.159999950090423e-05    6.25000029685907e-05     2.8650872520479282       
1024                     0.0031630999947083183    0.0011099000039394014    6.160000339150429e-05    5.980000423733145e-05    2.8498963721789643       
1024                     0.003160699998261407     0.0011104000004706904    6.379999831551686e-05    6.219999340828508e-05    2.8464517263343025       
1024                     0.0031638000000384636    0.0011280000035185367    6.549999670824036e-05    6.009999924572185e-05    2.8047872253277633       
1024                     0.0031477000011364       0.0011075000002165325    6.140000186860561e-05    5.9300000430084765e-05   2.8421670433597996       
1024                     0.003182200001901947     0.0011192000019946136    6.179999763844535e-05    6.009999924572185e-05    2.8432809115713904       
1024                     0.0031864000047789887    0.0011299999969196506    6.890000076964498e-05    6.150000263005495e-05    2.8198230207655124       
1024                     0.003158400002575945     0.0011176000043633394    6.170000415295362e-05    6.379999831551686e-05    2.8260558252012387       
1024                     0.0031761999998707324    0.0011119000046164729    6.880000000819564e-05    6.209999992279336e-05    2.8565518362114743       
1024                     0.003173000004608184     0.0011159999994561076    6.589999975403771e-05    6.059999577701092e-05    2.8431899696725567       
1024                     0.0031726000015623868    0.001104700000723824     6.230000144569203e-05    6.010000652167946e-05    2.871910925575839        
1024                     0.0031524000005447306    0.0011109999977634288    6.270000449148938e-05    6.0000005760230124e-05   2.8374437505768455       
1024                     0.0032136000008904375    0.0011196999985259026    7.000000186963007e-05    6.249999569263309e-05    2.870054483451976        
1024                     0.0031662000037613325    0.0011092999993707053    6.560000474564731e-05    6.040000153006986e-05    2.854232403819964        
1024                     0.0031512000059592538    0.0011079999967478216    6.589999975403771e-05    8.130000060191378e-05    2.844043335025803        
1024                     0.0031869000013102777    0.0011205000046174973    6.179999763844535e-05    6.040000153006986e-05    2.844176696276037        
1024                     0.0031579999995301478    0.0011076000009779818    7.219999679364264e-05    6.159999611554667e-05    2.851209820099058        
1024                     0.0031588000056217425    0.0011089000036008656    6.620000203838572e-05    6.009999924572185e-05    2.84858868731568         
1024                     0.0031824999969103374    0.0011156999971717596    6.430000212276354e-05    6.0200000007171184e-05   2.852469306245233        
1024                     0.003158299994538538     0.0011123000003863126    6.10999995842576e-05     6.0000005760230124e-05   2.8394318020692526       
1024                     0.0031843999968259595    0.0011139000052935444    6.539999594679102e-05    6.059999577701092e-05    2.8587844345927436       
1024                     0.0031686000002082437    0.0011086000013165176    6.339999526971951e-05    6.049999501556158e-05    2.858199527733514        
1024                     0.00317469999572495      0.0011365999962436035    6.509999366244301e-05    6.060000305296853e-05    2.7931550292250114       
1024                     0.003165499998431187     0.0011065999933634885    7.03999976394698e-05     6.130000110715628e-05    2.8605639051286396       
1024                     0.003159599997161422     0.0011105000012321398    6.290000601438805e-05    6.040000153006986e-05    2.8452048569614874       
1024                     0.0031715999939478934    0.0011328999971738085    6.10999995842576e-05     5.999999848427251e-05    2.799541002612704        
1024                     0.003157799998007249     0.0011195999977644533    7.119999645510688e-05    6.199999916134402e-05    2.8204716008507904       
1024                     0.0031875999993644655    0.0011100999981863424    6.209999992279336e-05    6.030000076862052e-05    2.871453026369064        
1024                     0.003165499998431187     0.0011144999953103252    6.440000288421288e-05    6.060000305296853e-05    2.8402871348149037       
1024                     0.003163400004268624     0.0011279000027570873    6.460000440711156e-05    6.0200000007171184e-05   2.80468126299838         
1024                     0.0031715000004624017    0.001116100000217557     6.629999552387744e-05    5.9499994677025825e-05   2.8415912551242664       
1024                     0.0031471000038436614    0.001112400001147762     6.100000609876588e-05    5.970000347588211e-05    2.829108234984285        
1024                     0.0031828999999561347    0.0011297000019112602    6.259999645408243e-05    6.0200000007171184e-05   2.817473660769416        
1024                     0.0031501000048592687    0.001110299999709241     6.22000006842427e-05     5.9799996961373836e-05   2.837161132742681        
1024                     0.0031739000041852705    0.0011191000012331642    6.0699996538460255e-05   6.38999990769662e-05     2.836118309970397        
1024                     0.0031638000000384636    0.0011470000026747584    6.519999442389235e-05    6.060000305296853e-05    2.7583260616047145       
1024                     0.0031570999999530613    0.0011094000001321547    6.0999998822808266e-05   6.009999924572185e-05    2.8457724892527305       
1024                     0.0031500000040978193    0.0011081999982707202    7.159999950090423e-05    6.240000220714137e-05    2.842447219827834        
1024                     0.0031759999983478338    0.0011150999998790212    6.22000006842427e-05     6.189999839989468e-05    2.8481750503922543       
1024                     0.0031640000015613623    0.0011317000025883317    6.209999992279336e-05    6.059999577701092e-05    2.795793933308227        
1024                     0.0031608999997843057    0.0011052999980165623    6.510000093840063e-05    6.079999729990959e-05    2.8597665841459103       
1024                     0.00319619999936549      0.0011156000036862679    6.22000006842427e-05     6.030000076862052e-05    2.8650053682362073       
1024                     0.0031520999982603826    0.001113999998779036     6.469999789260328e-05    6.510000093840063e-05    2.8295332151841475       
1024                     0.0031579999995301478    0.0011113000000477768    6.489999941550195e-05    6.0800004575867206e-05   2.8417169075806528       
1024                     0.003162799999699928     0.0011320999983581714    6.399999983841553e-05    6.0200000007171184e-05   2.7937461392869714       
1024                     0.003150799995637499     0.0011109999977634288    6.0999998822808266e-05   6.150000263005495e-05    2.8360036021425947       
1024                     0.003170500000123866     0.0011321999991196208    6.659999780822545e-05    6.209999992279336e-05    2.8003003025871687       
1024                     0.0033068999982788227    0.001160299994808156     6.61999947624281e-05     6.159999611554667e-05    2.850038794342652        
2048                     0.021878699997614603     0.006376400000590365     0.00020529999892460182   0.00018770000315271318   3.431199422180061        
2048                     0.021870900003705174     0.006366600006003864     0.00019590000010794029   0.00018789999739965424   3.4352558638960144       
2048                     0.021825599993462674     0.006402799997886177     0.0002241000038338825    0.00018819999968400225   3.408758668187072        
2048                     0.02203379999991739      0.0065128999995067716    0.00022300000273389742   0.0001847000021371059    3.3831012301104013       
2048                     0.021969800000078976     0.006469800006016158     0.00022340000577969477   0.00018659999477677047   3.395746387778545        
2048                     0.022053000000596512     0.0064248999988194555    0.00020780000340892002   0.00018560000171419233   3.432426964567331        
2048                     0.02191070000117179      0.0063848999998299405    0.00019750000501517206   0.00018370000179857016   3.43164340894225         
2048                     0.022069099999498576     0.006384799999068491     0.00019710000196937472   0.0001843999998527579    3.4565060773584673       
2048                     0.02193309999711346      0.006382600004144479     0.00019610000163083896   0.00018290000298293307   3.4363895564302034       
2048                     0.021791899998788722     0.006454200003645383     0.00019660000543808565   0.000182100004167296     3.376390565287795        
2048                     0.021798000001581386     0.006389299996953923     0.00021579999884124845   0.0001832999987527728    3.411641339735731        
2048                     0.02176060000056168      0.006395099997462239     0.0002210000020568259    0.000207199998840224     3.402698942815111        
2048                     0.021906599999056198     0.006389499998476822     0.0001973000034922734    0.000185500000952743     3.428531184643315        
2048                     0.021836600004462525     0.006363000000419561     0.00019379999866941944   0.00018269999418407679   3.4318088956502706       
2048                     0.02183810000133235      0.006503399999928661     0.00019640000391518697   0.000185500000952743     3.3579512257545137       
2048                     0.021912399999564514     0.006424799998058006     0.0001908999984152615    0.00019489999976940453   3.410596439762774        
2048                     0.021832799997355323     0.0063603000016883016    0.00019420000171521679   0.0001843999998527579    3.4326682690376153       
2048                     0.021800400005304255     0.006431099995097611     0.0001951000012923032    0.00018379999528406188   3.3898399996769712       
2048                     0.02183830000285525      0.006386300003214274     0.00019179999799234793   0.00018249999993713573   3.4195543572747704       
2048                     0.02179459999751998      0.006395399999746587     0.00022319999698083848   0.00020809999841731042   3.407855645992991        
2048                     0.021950899994408246     0.006403999999747612     0.00019869999960064888   0.00018509999790694565   3.427685820623572        
2048                     0.021989499997289386     0.0063742999991518445    0.00019800000154646114   0.00018519999866839498   3.4497121252867418       
2048                     0.021949900001345668     0.006400399994163308     0.00019469999824650586   0.0001838000025600195    3.4294575372417904       
2048                     0.021803000003274065     0.006390999995346647     0.00019470000552246347   0.0001843999998527579    3.411516197644978        
2048                     0.02184349999879487      0.006356199999572709     0.00019669999892357737   0.00018450000061420724   3.436565872732652        
2048                     0.021883699999307282     0.0064351999972132035    0.0001940000001923181    0.00018419999832985923   3.4006246905743613       
2048                     0.021901899999647867     0.006431599998904858     0.00019590000010794029   0.0001832999987527728    3.405357920793771        
2048                     0.02198320000024978      0.006382500003383029     0.00019769999926211312   0.00018599999748403206   3.4442929868543106       
2048                     0.02211679999891203      0.006408400004147552     0.00019389999943086877   0.00018369999452261254   3.4512202709877524       
2048                     0.021938700003374834     0.006360100000165403     0.00019540000357665122   0.00018339999951422215   3.449426896244444        
2048                     0.021844499999133404     0.00639460000093095      0.00019520000205375254   0.0001866000020527281    3.4160854464631405       
2048                     0.021847399999387562     0.006396700002369471     0.00018969999655382708   0.00018419999832985923   3.4154173231970906       
2048                     0.021936899996944703     0.006359599996358156     0.0001973999969777651    0.0001843999998527579    3.4494150590456845       
2048                     0.021912500000325963     0.0063592000005883165    0.00019139999494655058   0.0001843999998527579    3.4457950682945566       
2048                     0.021827199998369906     0.006403400002454873     0.0002316999962204136    0.00022059999901102856   3.40868913233626         
2048                     0.021988400003465358     0.006386300003214274     0.00019180000526830554   0.00018280000222148374   3.443057794403399        
2048                     0.021977399999741465     0.006381400002283044     0.0002192999963881448    0.00018650000129127875   3.4439778092391498       
2048                     0.02192500000091968      0.006408000001101755     0.00020570000197039917   0.00018429999909130856   3.4215043690933244       
2048                     0.021855600003618747     0.006406300002709031     0.0002114000017172657    0.00018560000171419233   3.4115792258209376       
2048                     0.021936500001174863     0.0064211999997496605    0.0002012999975704588    0.00018680000357562676   3.4162617582430213       
2048                     0.021900799998547882     0.006446699997468386     0.00019550000433810055   0.00018509999790694565   3.397210977267177        
2048                     0.021903399996517692     0.00639690000389237      0.0001984999980777502    0.0001849999971454963    3.4240647787506395       
2048                     0.021928800000750925     0.00636609999492066      0.0001905999961309135    0.00018169999384554103   3.444620728271206        
2048                     0.02185279999685008      0.006468300001870375     0.0001931000006152317    0.00018419999832985923   3.3784456488615433       
2048                     0.021863999994820915     0.0063988999972934835    0.00018990000535268337   0.0001830000037443824    3.4168372695414275       
2048                     0.021943699997791555     0.006410499998310115     0.00019500000053085387   0.00018350000027567148   3.4230871232472          
2048                     0.021939399994153064     0.006366399997205008     0.00019320000137668103   0.0001829999964684248    3.4461233984331727       
2048                     0.021862900000996888     0.006369599999743514     0.0001945000039995648    0.00018420000560581684   3.432381939505973        
2048                     0.021938499994575977     0.006376600002113264     0.00020419999782461673   0.00018619999900693074   3.440469840872151        
2048                     0.02183149999473244      0.006405000000086147     0.00020560000120894983   0.00018429999909130856   3.408508976493178        
2048                     0.021963300001516473     0.006378400001267437     0.00019550000433810055   0.00018350000027567148   3.443387055868587        
2048                     0.02187460000277497      0.0063929000025382265    0.0001973999969777651    0.00018650000129127875   3.4217021999546238       
2048                     0.02190870000049472      0.006433599999581929     0.00019630000315373763   0.00022699999681208283   3.4053562549612035       
2048                     0.021867300005396828     0.0063699999955133535    0.00019550000433810055   0.0001843999998527579    3.4328571461222674       
2048                     0.021914999997534323     0.006415500000002794     0.00019800000154646114   0.00018789999739965424   3.4159457559854696       
2048                     0.021876200000406243     0.006368599999404978     0.0001950999940163456    0.00018399999680696055   3.435009264587217        
2048                     0.021844800001417752     0.00656870000238996      0.00019289999909233302   0.00018350000027567148   3.325589537270651        
2048                     0.0221289999972214       0.006363199994666502     0.00019350000366102904   0.0001838000025600195    3.477652755809884        
2048                     0.0219372999999905       0.006424799998058006     0.00019320000137668103   0.00018530000670580193   3.4144720468530356       
2048                     0.021816800006490666     0.0064391999985673465    0.00019710000196937472   0.00018590000399854034   3.388122749929288        
2048                     0.02178200000344077      0.0063672000032966025    0.00019249999604653567   0.00018260000069858506   3.4209699698710883       
2048                     0.0218548999982886       0.006356699996103998     0.0001934000028995797    0.00018330000602873042   3.438088947360014        
2048                     0.021811800004797988     0.006366699999489356     0.0001911999934236519    0.00018219999765278772   3.4259192370533262       
2048                     0.02174630000081379      0.006428199994843453     0.00019270000484539196   0.0002167999991797842    3.3829532401384754       
2048                     0.02180719999887515      0.0063588999983039685    0.00018760000239126384   0.00018099999579135329   3.4293981670873133       
2048                     0.022003500002028886     0.006386000000929926     0.00019690000044647604   0.0001840999975684099    3.4455840900132713       
2048                     0.021877600003790576     0.006361100000503939     0.00022000000171829015   0.00018650000129127875   3.43927937024373         
2048                     0.021851600002264604     0.006529699996463023     0.00021130000095581636   0.00018700000509852543   3.346493715500111        
2048                     0.021912600001087412     0.006408100001863204     0.00021320000087143853   0.00018479999562259763   3.419515924332666        
2048                     0.021924500004388392     0.006381400002283044     0.0002015999998548068    0.0001840999975684099    3.435688092980312        
2048                     0.02187019999837503      0.006506700003228616     0.00020090000180061907   0.00018650000129127875   3.3611815494064676       
2048                     0.021935500000836328     0.006376199999067467     0.00019449999672360718   0.0001843999998527579    3.4402151758170136       
2048                     0.02191570000286447      0.006391200004145503     0.000189200000022538     0.00018199999612988904   3.4290430574304294       
2048                     0.02187670000421349      0.006436700001358986     0.00021569999807979912   0.00023010000586509705   3.3987446983073073       
2048                     0.02241409999987809      0.006367000001773704     0.00021079999714856967   0.00018289999570697546   3.520354954238106        
2048                     0.02188699999533128      0.006400599995686207     0.00020390000281622633   0.00018589999672258273   3.4195231712780667       
2048                     0.021948300003714394     0.006427500004065223     0.00019439999596215785   0.00018360000103712082   3.414749123272295        
2048                     0.021834600003785454     0.0064497999992454425    0.00019549999706214294   0.00018569999519968405   3.3853142742937563       
2048                     0.021949900001345668     0.006423300001188181     0.00019710000196937472   0.00018759999511530623   3.4172310179012935       
2048                     0.02194720000261441      0.006387099994753953     0.00019570000586099923   0.00018689999706111848   3.436176045566963        
2048                     0.021928599999228027     0.006390000002284069     0.00019529999553924426   0.00018429999909130856   3.4317057889498868       
2048                     0.02193960000295192      0.006410199996025767     0.00019299999985378236   0.00018290000298293307   3.4226077215303983       
2048                     0.02181429999473039      0.006370099996274803     0.00019780000002356246   0.00018429999909130856   3.42448313330831         
2048                     0.021909900002356153     0.006389399997715373     0.00018899999849963933   0.0001812999980757013    3.4291013256628746       
2048                     0.021989699998812284     0.006388500005414244     0.00021449999621836469   0.00018420000560581684   3.442075601498951        
2048                     0.02194229999440722      0.006405100000847597     0.00022080000053392723   0.00018519999866839498   3.425754475574708        
2048                     0.021846199997526128     0.00639719999890076      0.00019040000188397244   0.00018260000069858506   3.414962796423434        
2048                     0.022054799999750685     0.0063815000030444935    0.0001979000007850118    0.00018519999866839498   3.456052650509873        
2048                     0.02194450000388315      0.006398799996532034     0.00019430000247666612   0.00018760000239126384   3.4294711533063134       
2048                     0.02187499999854481      0.0063961000050767325    0.00019529999553924426   0.00018619999900693074   3.4200528417601532       
2048                     0.02194910000253003      0.006387900000845548     0.00019410000095376745   0.00018350000027567148   3.436043144010503        
2048                     0.02194959999906132      0.0063778000039746985    0.00019910000264644623   0.00018589999672258273   3.441562919091559        
2048                     0.0218451000037021       0.00636829999712063      0.0001914000022225082    0.00018330000602873042   3.4302875199942164       
2048                     0.021825200004968792     0.006383799998729955     0.00019920000340789557   0.00018570000247564167   3.4188414438595935       
2048                     0.02187709999998333      0.006407699998817407     0.00019349999638507143   0.00018319999799132347   3.414189179271958        
2048                     0.021915099998295773     0.006401400001777802     0.00018760000239126384   0.00018020000425167382   3.423485486332598        
2048                     0.0218449000021792       0.0063556999957654625    0.00019800000154646114   0.0001875000016298145    3.4370565030969913       
2048                     0.021966899999824818     0.006397300006938167     0.0001975999985006638    0.00018619999900693074   3.4337767458147503       
2048                     0.021888299997954164     0.0063991999995778315    0.00018900000577559695   0.00018419999832985923   3.420474434210242        
2048                     0.021807500001159497     0.006393399999069516     0.0001975999985006638    0.00018560000171419233   3.410939406940489        
2048                     0.021875999998883344     0.006423300001188181     0.00020519999816315249   0.00018570000247564167   3.405726027873013        
2048                     0.02203379999991739      0.006371300005412195     0.00019890000112354755   0.00018599999748403206   3.4582895141023737       
2048                     0.02205629999662051      0.006405100000847597     0.00020459999359445646   0.00018510000518290326   3.4435527928840712       
2048                     0.021885000001930166     0.006433700000343379     0.00020629999926313758   0.000185500000952743     3.4016195969290024       
2048                     0.02187460000277497      0.00639719999890076      0.00019999999494757503   0.00018559999443823472   3.4194022395006742       
2048                     0.02192769999965094      0.0063816999972914346    0.00020180000137770548   0.0001832999987527728    3.436028019016508        
2048                     0.021803199997521006     0.006395100004738197     0.0001903000011225231    0.00018569999519968405   3.4093602885594887       
2048                     0.021834899998793844     0.006365899993397761     0.00018770000315271318   0.0001813000053516589    3.4299784824517165       
2048                     0.021979199998895638     0.006404500003554858     0.0002097000033245422    0.00018450000061420724   3.4318369875393775       
2048                     0.021899700004723854     0.00639279999450082      0.0001975999985006638    0.00018430000636726618   3.4256820209551835       
2048                     0.021917399993981235     0.00640679999924032      0.00019120000069960952   0.00018190000264439732   3.4209589805488028       
2048                     0.021931100003712345     0.00638539999636123      0.00019529999553924426   0.00018389999604551122   3.434569489179997        
2048                     0.02189360000193119      0.006401800004823599     0.0001936999979079701    0.0001847000021371059    3.4199131471515667       
2048                     0.021923300002526958     0.006443600002967287     0.00019380000594537705   0.00018699999782256782   3.402337201631269        
2048                     0.02183839999634074      0.006366399997205008     0.00019919999613193795   0.000185500000952743     3.430258859940985        
2048                     0.021904000001086388     0.006359099999826867     0.00019430000247666612   0.00018390000332146883   3.444512588523965        
2048                     0.022397799999453127     0.00747140000021318      0.0002409999942756258    0.00018790000467561185   2.9978049627665575       
2048                     0.02191720000701025      0.006409899993741419     0.00019489999976940453   0.00018249999993713573   3.419273316028339        
2048                     0.021844299997610506     0.006383799998729955     0.0002027000009547919    0.00018519999866839498   3.4218333910768486       
2048                     0.021903000000747852     0.006403100000170525     0.00022339999850373715   0.0001916999972308986    3.4206868548304006       
2048                     0.021905599998717662     0.006379500002367422     0.0002336999968974851    0.00018730000010691583   3.4337487249139476       
2048                     0.022037499998987187     0.006431900001189206     0.00022339999850373715   0.00018709999858401716   3.4262815023418636       
2048                     0.021902300002693664     0.006422399994335137     0.00023689999943599105   0.00018650000129127875   3.4102983342695157       
2048                     0.021861200002604164     0.006418199998734053     0.00024090000079013407   0.00019069999689236283   3.40612632933161         
2048                     0.022020700002030935     0.006461899996793363     0.00023669999791309237   0.00018760000239126384   3.407774805081854        
2048                     0.022180699997988995     0.006534099993587006     0.0002395999981672503    0.0001869000043370761    3.3946067583536506       
2048                     0.021878699997614603     0.006463899997470435     0.0002384000035817735    0.00019040000188397244   3.384752240315685        
2048                     0.021875300000829156     0.006387399997038301     0.0002330999996047467    0.00018699999782256782   3.424758119261712        
2048                     0.021966800006339327     0.006458500000007916     0.00022639999951934442   0.00018709999858401716   3.4012231952175274       
2048                     0.021879700005229097     0.006406200001947582     0.00020950000180164352   0.0001857999959611334    3.4153944613932343       
2048                     0.021900699997786433     0.006389499998476822     0.00020349999977042899   0.0001829999964684248    3.4276077945077534       
2048                     0.02189380000345409      0.006438199998228811     0.0002209999947808683    0.00019430000247666612   3.400608867304093        
2048                     0.021908199996687472     0.0064279999933205545    0.00020770000264747068   0.00018629999976838008   3.408245180375336        
2048                     0.021877700004552025     0.006388699999661185     0.0002192999963881448    0.00018559999443823472   3.4244368972893198       
2048                     0.02194200000667479      0.006468999999924563     0.0002257999949506484    0.00018590000399854034   3.3918689143500793       
2048                     0.02188410000235308      0.006381099999998696     0.0002142000012099743    0.00018610000552143902   3.4295184219582127       
2048                     0.02190820000396343      0.006403799998224713     0.00019969999993918464   0.00018479999562259763   3.421124958624084        
2048                     0.02187160000175936      0.006398300000000745     0.0002311000062036328    0.00018619999900693074   3.4183454982974877       
2048                     0.021868099996936508     0.0063991999995778315    0.00022539999918080866   0.00018480000289855525   3.4173177894704323       
2048                     0.02185260000260314      0.006399300000339281     0.00019859999883919954   0.00018460000137565657   3.414842248596651        
2048                     0.02188400000159163      0.006464199999754783     0.00019859999883919954   0.00018399999680696055   3.3854150556018987       
2048                     0.021856599996681325     0.006362200001603924     0.00020009999570902437   0.00018450000061420724   3.435383985283586        
2048                     0.02185789999930421      0.006383199994161259     0.00021540000307140872   0.00018290000298293307   3.4242856277882137       
2048                     0.021820000001753215     0.006364500004565343     0.00020909999875584617   0.00018659999477677047   3.4283918589208          
2048                     0.021946000000752974     0.006463400000939146     0.0001992999968933873    0.00018530000670580193   3.395426555305903        
2048                     0.021968399996694643     0.00643090000085067      0.0001981999957934022    0.0001860999982454814    3.4160692894911593       
2048                     0.021919899998465553     0.006394000003638212     0.00019780000002356246   0.00018589999672258273   3.428198308725843        
2048                     0.02195620000566123      0.006383399995684158     0.0002330999996047467    0.0001860999982454814    3.4395776577538464       
2048                     0.021909999995841645     0.006428799999412149     0.00020619999850168824   0.00018209999689133838   3.4081010449609725       
2048                     0.021823000002768822     0.00638020000042161      0.00019659999816212803   0.00018080000154441223   3.420425692192523        
2048                     0.02200040000025183      0.006433900001866277     0.00022110000281827524   0.0001883000004454516    3.4194500992975003       
2048                     0.021986799998558126     0.006401400001777802     0.00019969999993918464   0.00018559999443823472   3.4346861612228476       
2048                     0.02191599999787286      0.006386300003214274     0.0001975999985006638    0.0001883000004454516    3.4317210257648982       
2048                     0.021924000000581145     0.006396400000085123     0.00019869999960064888   0.00018490000366000459   3.427552998606932        
2048                     0.021931399998720735     0.006456499999330845     0.0001990000018849969    0.00018429999909130856   3.396793928752996        
2048                     0.022042299999156967     0.00644349999492988      0.00020599999697878957   0.0001840999975684099    3.4208582317841434       
2048                     0.021844100003363565     0.00640430000203196      0.00021019999985583127   0.00018710000585997477   3.410848960297434        
2048                     0.02193980000447482      0.00639200000296114      0.00020020000374643132   0.00018479999562259763   3.4323842293978486       
2048                     0.021962300001177937     0.006415699994249735     0.00019810000230791047   0.0001840999975684099    3.4232118117839536       
2048                     0.021913200005656108     0.006394100004399661     0.00019489999976940453   0.00018429999909130856   3.427096853439584        
2048                     0.02188649999879999      0.00644060000195168      0.00019260000408394262   0.00018309999722987413   3.398208240252116        
2048                     0.02181669999845326      0.006355099998472724     0.0001999000014620833    0.00019980000070063397   3.4329436206662858       
2048                     0.021911700001510326     0.006398400000762194     0.00020650000078603625   0.00018509999790694565   3.424559264644309        
2048                     0.02184539999871049      0.006502900003397372     0.00020739999308716506   0.0001829999964684248    3.359331988389425        
2048                     0.021833999999216758     0.006403100000170525     0.00019700000120792538   0.00019850000535370782   3.4099108242312757       
2048                     0.021950700000161305     0.006440400000428781     0.00020179999410174787   0.00018599999748403206   3.408282094077992        
2048                     0.02192059999651974      0.006410399997548666     0.00019489999976940453   0.00018399999680696055   3.419537003135868        
2048                     0.021898099999816623     0.006374200005666353     0.00019610000163083896   0.0001847000021371059    3.4354271877804714       
2048                     0.021842999994987622     0.006369300004735123     0.0001945000039995648    0.0001832999987527728    3.429419242106495        
2048                     0.021936199998890515     0.006400199999916367     0.0002060999977402389    0.00018629999976838008   3.4274241428669665       
2048                     0.021836599997186568     0.006428799999412149     0.00021070000366307795   0.00018260000069858506   3.3966836733423516       
2048                     0.021847099997103214     0.0063779999982216395    0.00019009999959962443   0.00018229999841423705   3.4253841334579462       
2048                     0.02185779999854276      0.006390399998053908     0.00020540000696200877   0.00018619999900693074   3.420411868615297        
2048                     0.021919899998465553     0.006413000002794433     0.0001981999957934022    0.0001840999975684099    3.4180414765186438       
2048                     0.021885799993469846     0.006435000002966262     0.0001962000023922883    0.00018529999942984432   3.401056718474191        
2048                     0.02203670000017155      0.0064248999988194555    0.00019289999909233302   0.0001886000027297996    3.429889960033726        
2048                     0.021982399994158186     0.006383899999491405     0.00019780000002356246   0.00018740000086836517   3.4434123335123497       
2048                     0.021946499997284263     0.0064247000045725144    0.00026819999766303226   0.0002007000002777204    3.4159571624612433       
2048                     0.021883699999307282     0.006387299996276852     0.0001940000001923181    0.00018519999866839498   3.42612684734759         
2048                     0.021868799994990695     0.006401400001777802     0.0002043999993475154    0.00018139999883715063   3.4162526929917325       
2048                     0.021829400000569876     0.006431899993913248     0.00019659999816212803   0.00018170000112149864   3.3939271476900865       
2048                     0.021896899997955188     0.00724100000661565      0.00020419999782461673   0.00018930000078398734   3.024016016841508        
2048                     0.022009200001775753     0.0064431999999214895    0.00019769999926211312   0.00018350000027567148   3.415880308238753        
2048                     0.021995199997036252     0.006401699996786192     0.00019800000154646114   0.00018629999976838008   3.4358373569643024       
2048                     0.02193499999702908      0.006374999997206032     0.0001956999985850416    0.0001843999998527579    3.440784314767454        
2048                     0.021882300003198907     0.00646019999840064      0.0001940000001923181    0.00018400000408291817   3.38724807414884         
2048                     0.021834599996509496     0.006397299999662209     0.00019420000171521679   0.00018290000298293307   3.4130961495728522       
2048                     0.021828099997946993     0.006382299994584173     0.00018979999731527641   0.00018209999689133838   3.4200993398100463       
2048                     0.021833999999216758     0.006339799998386297     0.00019700000120792538   0.00020360000053187832   3.4439572233783844       
2048                     0.02190830000472488      0.0063808999984757975    0.0002134000023943372    0.0001857999959611334    3.4334184848466682       
2048                     0.021885899994231295     0.0064215000020340085    0.0002161999946110882    0.0001934000028995797    3.4082223759711816       
2048                     0.021925799999735318     0.006410500005586073     0.00019889999384758994   0.0001840999975684099    3.420294825774792        
2048                     0.021863399997528177     0.006408300003386103     0.00020260000019334257   0.00018589999672258273   3.411731658314327        
2048                     0.02195159999973839      0.006424100000003818     0.00019789999350905418   0.0001990000018849969    3.417070095379173        
2048                     0.02195709999796236      0.006351100004394539     0.00019459999748505652   0.00018340000679017976   3.4572121337673014       
2048                     0.02191070000117179      0.006487599996034987     0.00019839999731630087   0.00018650000129127875   3.3773198123439956       
2048                     0.021906899994064588     0.006372900003043469     0.00019379999866941944   0.00018349999299971387   3.437508823863961        
2048                     0.021832400001585484     0.006345100002363324     0.0001956000050995499    0.00018589999672258273   3.4408283547073633       
2048                     0.02194380000582896      0.006409299996448681     0.000189200000022538     0.00018350000027567148   3.423743625354995        
2048                     0.022572100002435036     0.006381400002283044     0.00019550000433810055   0.00018370000179857016   3.5371705259597452       
4096                     0.1600576999990153       0.04348960000061197      0.0006543000054080039    0.0006202000004122965    3.680367260144104        
4096                     0.15921930000331486      0.04337620000296738      0.0006733999980497174    0.0006261999951675534    3.670660408067618        
4096                     0.16009079999639653      0.043726299998525064     0.0006677999990643002    0.0006233999956748448    3.661201610970893        
4096                     0.1598764000009396       0.043752700003096834     0.0007122000024537556    0.0006271999955060892    3.654092204358211        
4096                     0.1595748999970965       0.04355149999901187      0.0006543999988934956    0.0006273999970289879    3.66405060676939         
4096                     0.15957679999701213      0.043628600004012696     0.0006744999991497025    0.000628499998128973     3.6576190843239345       
4096                     0.15941960000054678      0.0435393000007025       0.0006461000011768192    0.0006279000008362345    3.661510405495141        
4096                     0.15878369999700226      0.043604899998172186     0.0006600999986403622    0.0006195000023581088    3.641418739720951        
4096                     0.15868629999749828      0.0436111000017263       0.0006390000053215772    0.0006266999989748001    3.63866767844005         
4096                     0.15908800000033807      0.04359649999969406      0.0006385999949998222    0.0006182999932207167    3.6491002718441727       
4096                     0.16108689999964554      0.04352369999833172      0.00065080000058515      0.0006198000046424568    3.701130648493121        
4096                     0.1594868000029237       0.04380999999557389      0.0006627999973716214    0.0006280000015976839    3.6404199958693586       
4096                     0.1588160000028438       0.04362389999732841      0.0006759000025340356    0.00062929999694461      3.640573172333742        
4096                     0.1593715000053635       0.04349050000018906      0.0006446999977924861    0.0006264999974519014    3.664512939714896        
4096                     0.1594307999985176       0.04366149999987101      0.0006517000001622364    0.0006231000006664544    3.651519072844236        
4096                     0.15976339999906486      0.04350919999706093      0.0006594000005861744    0.0006261999951675534    3.671945243991086        
4096                     0.1597001000045566       0.04346549999900162      0.0006620999993174337    0.0006249000070965849    3.6741806722164663       
4096                     0.1596103000047151       0.043643999997584615     0.0006677999990643002    0.0006282999966060743    3.6570960501683714       
4096                     0.16002619999926537      0.04360949999681907      0.0006397999968612567    0.0006206000034580939    3.6695261356112288       
4096                     0.15882759999658447      0.04348010000103386      0.0006389999980456196    0.0006269000004976988    3.652880282998611        
4096                     0.15920059999916703      0.04365450000477722      0.0006455000038840808    0.0006187999970279634    3.646831368627411        
4096                     0.15926769999350654      0.04348359999858076      0.0006483000033767894    0.000628800000413321     3.6627073195113744       
4096                     0.15880870000546565      0.043425900003057905     0.0006429000059142709    0.0006355000004987232    3.6570042300627708       
4096                     0.15932709999469807      0.0436143999977503       0.0006776999944122508    0.000628499998128973     3.6530847610632367       
4096                     0.1593040999941877       0.04354059999604942      0.0006521000032080337    0.0006203000011737458    3.658748386761824        
4096                     0.15987239999958547      0.04350610000255983      0.0006559999965247698    0.0006275999985518865    3.6747122815002684       
4096                     0.159237400002894        0.04365439999673981      0.0006523999982164241    0.0006451999943237752    3.647682708152812        
4096                     0.15885260000504786      0.04372249999869382      0.000646799999231007     0.000618199999735225     3.6332002975537416       
4096                     0.1592134000020451       0.043510600000445265     0.0006716999996569939    0.0006267999997362494    3.659186497093025        
4096                     0.1598868000000948       0.043624500001897104     0.0006505999990622513    0.0006235000037122518    3.6650689404610204       
4096                     0.1595519999973476       0.043766900002083275     0.0006524999989778735    0.0006194999950821511    3.6454946544021403       
4096                     0.15902320000168402      0.043433599996205885     0.0006465000042226166    0.0006257999993977137    3.661294482050196        
4096                     0.15960019999329234      0.04373019999911776      0.0006457999988924712    0.0006290000019362196    3.649656301515022        
4096                     0.15936540000257082      0.04344229999696836      0.0006852000005892478    0.0006278000000747852    3.6684383656871806       
4096                     0.1593935999990208       0.04360209999867948      0.0006444999962695874    0.0006213000015122816    3.655640439424894        
4096                     0.15950229999725707      0.043520100000023376     0.000646799999231007     0.0006236999979591928    3.665026045371481        
4096                     0.16096570000081556      0.04360169999563368      0.0006423000013455749    0.0006266999989748001    3.6917299100020142       
4096                     0.15972799999872223      0.04368580000300426      0.0006866000039735809    0.0006229999999050051    3.656291059972297        
4096                     0.15980169999966165      0.043532399999094196     0.0006613000005017966    0.0006277000065892935    3.6708681350669097       
4096                     0.15945369999826653      0.04358979999960866      0.0006454999966081232    0.0006279000008362345    3.658050736633297        
4096                     0.16006609999749344      0.043661199997586664     0.0006493999972008169    0.0006252000021049753    3.6660948394991655       
4096                     0.15918450000026496      0.04355710000527324      0.0006570000041392632    0.0006224000026122667    3.6546165833123254       
4096                     0.15915300000051502      0.04365559999860125      0.0006829999983892776    0.0007294999959412962    3.6456491264720765       
4096                     0.15936380000493955      0.043738599997595884     0.000647400003799703     0.0006233000021893531    3.643550548341718        
4096                     0.15886979999777395      0.0434776000038255       0.0006567000018549152    0.0006299999949987978    3.6540609413536016       
4096                     0.159718700000667        0.0435970999969868       0.0006377000026986934    0.0006194999950821511    3.6635166103182533       
4096                     0.1593520999958855       0.043583599996054545     0.0006678000063402578    0.0006215000030351803    3.6562399620570822       
4096                     0.15925440000137314      0.043626999999105465     0.0006464000034611672    0.0006264999974519014    3.650363307232643        
4096                     0.15917500000068685      0.04346660000010161      0.0006422999940696172    0.0006186000027810223    3.662007150324957        
4096                     0.15945020000071963      0.04372169999987818      0.0006419999990612268    0.0006296999999904074    3.6469350460106513       
4096                     0.15980959999433253      0.04350279999925988      0.0006586000017705373    0.0006298000007518567    3.6735474497515423       
4096                     0.1594690999991144       0.04363549999834504      0.0006448999993153848    0.0006210999999893829    3.654572538533134        
4096                     0.15876429999480024      0.043554000003496185     0.0006418999982997775    0.0006323999987216666    3.645228910824628        
4096                     0.1592887000006158       0.0438473000031081       0.0006480000010924414    0.0006289000011747703    3.632805212392203        
4096                     0.15897810000024037      0.043595100003585685     0.0006769999963580631    0.0006271999955060892    3.6466965321140328       
4096                     0.15909730000566924      0.04357180000079097      0.000647900000330992     0.0006293000042205676    3.6513823161490024       
4096                     0.15917800000170246      0.04344940000009956      0.0006468999999924563    0.0006270000012591481    3.6635258484889945       
4096                     0.15961490000336198      0.04346580000128597      0.0006456999981310219    0.0006253000028664246    3.6721951510990167       
4096                     0.16005669999867678      0.04385259999980917      0.0006451000008382834    0.0006253000028664246    3.6498793685978317       
4096                     0.1591365999993286       0.04346610000357032      0.0006517000001622364    0.0006273000035434961    3.661165827765939        
4096                     0.1596055999980308       0.04363110000122106      0.0006423000013455749    0.0006225999968592077    3.658069587829876        
4096                     0.15900510000210488      0.04345080000348389      0.0006428999986383133    0.000618199999735225     3.659428594855695        
4096                     0.15869260000181384      0.043726199997763615     0.0006388999972841702    0.0006273000035434961    3.6292337319485846       
4096                     0.15914209999755258      0.04363500000181375      0.0006648000053246506    0.0006275999985518865    3.647120430639111        
4096                     0.15933850000146776      0.043624199999612756     0.0006491999956779182    0.0006278000000747852    3.6525254331972206       
4096                     0.1595041999971727       0.04369669999869075      0.0006339000028674491    0.0006278999935602769    3.6502573421322846       
4096                     0.15884180000284687      0.043472299999848474     0.0006439999997382984    0.0006189999985508621    3.6538623446056575       
4096                     0.15996109999832697      0.043472199999087024     0.0006562000053236261    0.0006399999983841553    3.6796182388212784       
4096                     0.1589531999998144       0.04345579999790061      0.0006695000047329813    0.0006262999959290028    3.657813226485154        
4096                     0.15913279999949737      0.043515100005606655     0.0006455999973695725    0.000635899996268563     3.6569558608159944       
4096                     0.1595071999981883       0.0436898000043584       0.0006802999996580184    0.0006281999958446249    3.650902498575782        
4096                     0.15951029999996535      0.04357459999300772      0.0006446999977924861    0.0006269000004976988    3.660625686192448        
4096                     0.15963919999921927      0.04353090000222437      0.0006426999971154146    0.0006379000042215921    3.6672616461194676       
4096                     0.15925869999773568      0.04363339999690652      0.0006474999972851947    0.0006266999989748001    3.6499264327104157       
4096                     0.15947130000131438      0.043505699999514036     0.0006444999962695874    0.0006256999986362644    3.665526586242623        
4096                     0.15938940000341972      0.0436520000002929       0.0006584000002476387    0.0006219000060809776    3.6513653441388763       
4096                     0.15908150000177557      0.043680100003257394     0.0006605000016861595    0.0006265999982133508    3.6419673945323443       
4096                     0.16074319999461295      0.043590599998424295     0.0006766000005882233    0.000628800000413321     3.687565667837182        
4096                     0.1595688000015798       0.04359779999504099      0.0006550999969476834    0.0006281000023591332    3.660019542723025        
4096                     0.15922510000382317      0.04351239999959944      0.0006743000049027614    0.0006203000011737458    3.6593040146093747       
4096                     0.1588255000024219       0.04357290000189096      0.0006579999972018413    0.0006275999985518865    3.6450523145241482       
4096                     0.1599631999997655       0.043505800000275485     0.0006561000045621768    0.0006254999971133657    3.676824699206832        
4096                     0.1598697999943397       0.04345150000153808      0.000643899998976849     0.0006188999977894127    3.6792699904187587       
4096                     0.16007689999969443      0.043530299997655675     0.0006420999998226762    0.000619100006588269     3.6773672593185753       
4096                     0.15907029999652877      0.043830499998875894     0.0006828000041423365    0.0006324000059976242    3.629214816180705        
4096                     0.15897140000015497      0.043413899998995475     0.0006648999988101423    0.0006229999999050051    3.6617627074239656       
4096                     0.1593161999990116       0.04349219999858178      0.0006382999999914318    0.000625900000159163     3.6630982108103676       
4096                     0.15916299999662442      0.043438599997898564     0.000639599995338358     0.000622800005658064     3.6640913842601806       
4096                     0.16006869999546325      0.043750000004365575     0.0006444000027840957    0.0006221000003279187    3.6587131423883625       
4096                     0.15941369999927701      0.043474799997056834     0.0006608999974559993    0.0006242000017664395    3.666806978067042        
4096                     0.15987560000212397      0.043387099998653866     0.0006624999950872734    0.0006243000025278889    3.684864856307158        
4096                     0.1584017999994103       0.043435500003397465     0.0006557000015163794    0.0006260999944061041    3.646828055093652        
4096                     0.16081799999665236      0.04344509999646107      0.0007944000026327558    0.0006725999992340803    3.701637238946445        
4096                     0.15887089999887394      0.04369769999902928      0.000680500001180917     0.0006279000008362345    3.6356810542065867       
4096                     0.15881739999895217      0.043507900001714006     0.0006779000032111071    0.0006272000027820468    3.6503117822900095       
4096                     0.15918790000432637      0.043546700006118044     0.0006931000025360845    0.0006273000035434961    3.655567470829281        
4096                     0.15947189999860711      0.04369759999826783      0.0006750999964424409    0.0006206999969435856    3.6494429901168157       
4096                     0.15957040000648703      0.0436522000018158       0.0006847999975434504    0.0006273999970289879    3.6554950265931474       
4096                     0.15927289999672212      0.043750400000135414     0.00067299999500392      0.0006233000021893531    3.640490144003921        
4096                     0.15913129999535158      0.043425999996543396     0.0006627999973716214    0.0006271000020205975    3.6644245384796674       
4096                     0.16008249999867985      0.04424529999960214      0.0006807000027038157    0.0006207999977050349    3.6180679077804725       
4096                     0.15923219999967841      0.04356059999554418      0.0006820999988121912    0.0006311000033747405    3.6554179698159874       
4096                     0.15985750000254484      0.04373140000097919      0.0006807000027038157    0.0006310000026132911    3.6554397983820657       
4096                     0.15909850000025472      0.04352410000137752      0.0006926999994902872    0.0006226000041351654    3.655411599440754        
4096                     0.1596066999991308       0.04389649999939138      0.0006759000025340356    0.000618199999735225     3.635977811473437        
4096                     0.159497000000556        0.043670099999872036     0.000890600000275299     0.0008046000002650544    3.6523158866369294       
4096                     0.19065680000494467      0.04503680000198074      0.0007638000024599023    0.0006314999991445802    4.233355833375362        
4096                     0.16152750000037486      0.04408549999789102      0.0006891000011819415    0.0006341000043903477    3.6639598055619667       
4096                     0.16113680000125896      0.04400549999991199      0.0006830999991507269    0.0006267000062507577    3.6617422822506556       
4096                     0.1605721000014455       0.04407770000398159      0.0006635999961872585    0.0006241000010049902    3.642932820608626        
4096                     0.160696500002814        0.04383080000116024      0.0006569999968633056    0.0006265999982133508    3.6662917400220896       
4096                     0.16125530000135768      0.044959700004255865     0.0006744000056642108    0.0006205000026966445    3.586663166927122        
4096                     0.16518899999937275      0.04424460000154795      0.0006796000016038306    0.0006209000057424419    3.733540364103041        
4096                     0.16077039999800036      0.0440082999994047       0.0006835000021965243    0.0006203999946592376    3.6531836040059513       
4096                     0.16082699999969918      0.04426150000654161      0.0006712999966111965    0.0006278000000747852    3.6335641579234736       
4096                     0.16096860000106972      0.04361919999792008      0.0006814000007580034    0.0006209999992279336    3.690315274208268        
4096                     0.16052769999805605      0.047401899995747954     0.0006701000020257197    0.0006270000012591481    3.386524591049213        
4096                     0.15958379999938188      0.04359929999918677      0.0006865000032121316    0.0006265999982133508    3.660237664420266        
4096                     0.1626306999969529       0.04378500000166241      0.000680199998896569     0.0006623999943258241    3.7143017012853305       
4096                     0.16248900000209687      0.04433209999842802      0.000657899996440392     0.0006296999999904074    3.665267379796098        
4096                     0.16117140000278596      0.043883099999220576     0.0006776000009267591    0.0006236000044737011    3.672744177272084        
4096                     0.15989770000305725      0.0436587000003783       0.0006519000016851351    0.0006432000009226613    3.6624475763518323       
4096                     0.15936190000502393      0.043987500001094304     0.0006704999977955595    0.0006240000002435409    3.6228905939428104       
4096                     0.16042369999922812      0.04362559999572113      0.0006377000026986934    0.0006208999984664842    3.6772835219449758       
4096                     0.1598359999989043       0.043863500002771616     0.000647599998046644     0.0006262999959290028    3.6439408617370863       
4096                     0.16115300000092248      0.04361629999766592      0.0006463000026997179    0.0006279999943217263    3.6947884164760976       
4096                     0.15956999999616528      0.04359590000240132      0.0006386000022757798    0.0006264000039664097    3.66020657876947         
4096                     0.15976610000507208      0.04364279999572318      0.0006557000015163794    0.0006194999950821511    3.660766495750239        
4096                     0.15974799999821698      0.04356849999749102      0.0006706000058329664    0.0006246000048122369    3.666593984356046        
4096                     0.1599694000033196       0.04373779999878025      0.0006706000058329664    0.0006282000031205826    3.657463338525962        
4096                     0.15954209999472369      0.043783799999800976     0.0006605000016861595    0.0006279000008362345    3.6438614280955264       
4096                     0.16012469999986934      0.04369569999835221      0.0006470000007539056    0.0006302000037976541    3.6645413623287353       
4096                     0.15993019999586977      0.04426970000349684      0.0006616999962716363    0.0006210999999893829    3.6126334712735115       
4096                     0.1597468000036315       0.0437753000005614       0.0006506999998237006    0.0006360000043059699    3.6492451222854627       
4096                     0.15983039999991888      0.04379809999954887      0.0006493999972008169    0.0006300999957602471    3.6492541914276004       
4096                     0.16015820000029635      0.043570800000452437     0.0006456999981310219    0.0006222999945748597    3.6758149953324994       
4096                     0.16106829999625916      0.043604200000118        0.0006351000047288835    0.00062929999694461      3.6938712324918996       
4096                     0.15990230000170413      0.04385769999498734      0.0006664000029559247    0.0006246999982977286    3.6459344657832022       
4096                     0.1615079999974114       0.04369079999742098      0.0006707000065944158    0.0006300000022747554    3.6966134748492823       
4096                     0.15971770000032848      0.04396239999914542      0.0007139999943319708    0.0007125999982235953    3.633052335710362        
4096                     0.17577539999911096      0.04386579999845708      0.000719899995601736     0.0007513000018661842    4.007117162009894        
4096                     0.18697590000374475      0.04919289999816101      0.0006467000057455152    0.0006231000006664544    3.800871670723509        
4096                     0.16743359999964014      0.04368659999454394      0.0006500000017695129    0.0006273000035434961    3.832607710843853        
4096                     0.1603458000026876       0.04369500000029802      0.0006559999965247698    0.0006290000019362196    3.669660144217736        
4096                     0.16046449999703327      0.0439470000055735       0.0006514999986393377    0.0006245999975362793    3.6513186332783274       
4096                     0.15946469999471446      0.04377889999886975      0.0006343999993987381    0.0006181000062497333    3.642501296259874        
4096                     0.15956979999464238      0.043638700000883546     0.0006342999986372888    0.0006301000030362047    3.6566121353617684       
4096                     0.16501669999706792      0.043793600001663435     0.000644200001261197     0.0006235000037122518    3.768055149400826        
4096                     0.15986100000009174      0.043547399996896274     0.0006505000055767596    0.0006278000000747852    3.6709654310357314       
4096                     0.15945880000072066      0.0436762000026647       0.0007377000001724809    0.0007301000005099922    3.65093117054579         
4096                     0.15992240000196034      0.04349950000323588      0.0006337000013445504    0.0006207999977050349    3.676419268958583        
4096                     0.15967359999922337      0.04355560000112746      0.0006550000034621917    0.0006198000046424568    3.6659717693038356       
4096                     0.1600380000018049       0.043549000001803506     0.0006769000028725713    0.0006282000031205826    3.6748949458122393       
4096                     0.1602363999991212       0.04360630000155652      0.0006371999988914467    0.0006283000038820319    3.674615823708996        
4096                     0.15955749999557156      0.04366100000333972      0.0006538000016007572    0.0006330999967758544    3.6544627925005537       
4096                     0.15962579999904847      0.04353819999960251      0.0006384000007528812    0.0006265999982133508    3.6663389850867927       
4096                     0.1598022000034689       0.043435999999928754     0.0006993999995756894    0.0006260000009206124    3.6790266139545773       
4096                     0.15985599999839906      0.043514900004083756     0.0006525999997393228    0.0006183000004966743    3.6735922634177487       
4096                     0.16001189999951748      0.04367210000054911      0.0006369999973685481    0.0006248999998206273    3.6639387617610693       
4096                     0.15964160000294214      0.04620189999695867      0.0006447999985539354    0.0006264000039664097    3.4553037864990586       
4096                     0.15998750000289874      0.043609799999103416     0.0006366000015987083    0.0006188999977894127    3.6686134769292216       
4096                     0.1592568999985815       0.04384559999743942      0.0006398000041372143    0.0006195000023581088    3.6322207931441715       
4096                     0.15965989999676822      0.04377580000436865      0.0006725999992340803    0.0006224000026122667    3.647218325669315        
4096                     0.1606402000033995       0.04393859999981942      0.0006595999948331155    0.0006286000061663799    3.6560154398196514       
4096                     0.16053889999602688      0.04394650000176625      0.0006673999960185029    0.0006295000057434663    3.653053143926699        
4096                     0.1618384999965201       0.045219100000394974     0.0008481999975629151    0.0007823999985703267    3.5789854286154856       
4096                     0.1627225999982329       0.04353409999748692      0.0006754999994882382    0.0006270000012591481    3.73781931882424         
4096                     0.15908479999779956      0.04425150000315625      0.0006781999982194975    0.0006282999966060743    3.5950148579472514       
4096                     0.1597196000002441       0.04353699999774108      0.0006776000009267591    0.0006223999953363091    3.668594528987555        
4096                     0.159438599999703        0.04351419999875361      0.0006864000024506822    0.0006303999980445951    3.6640590888553586       
4096                     0.15900500000134343      0.043752500001573935     0.0006370000046445057    0.0006275999985518865    3.634192331766721        
4096                     0.15931760000239592      0.04351219999807654      0.0006433000016841106    0.000618500002019573     3.661446674942627        
4096                     0.15919800000119722      0.04344470000069123      0.000669100001687184     0.0006531999970320612    3.6643825368494727       
4096                     0.16038259999913862      0.043615099995804485     0.0006613000005017966    0.0006179000047268346    3.677226465480223        
4096                     0.15948590000334661      0.04375080000318121      0.0006623000008403324    0.0006238999994820915    3.6453253424337397       
4096                     0.15970289999677334      0.04382149999582907      0.0006424999955925159    0.000625100001343526     3.644396015927658        
4096                     0.1597514000022784       0.043619500000204425     0.0006426999971154146    0.0006294999984675087    3.662384942549312        
4096                     0.15907080000033602      0.043656299996655434     0.0006696999989799224    0.0006204000019351952    3.643707781294398        
4096                     0.15929239999968559      0.04371470000478439      0.0006629999988945201    0.0006187999970279634    3.6439092566631293       
4096                     0.15882849999616155      0.043784399997093715     0.0006433000016841106    0.000622500003373716     3.6275134524329244       
4096                     0.16000459999486338      0.04366250000020955      0.0006429999993997626    0.0006355000004987232    3.6645771541733865       
4096                     0.15935880000324687      0.043525399996724445     0.0006470999942393973    0.0006304999988060445    3.6612828374980952       
4096                     0.15915429999586195      0.043597800002316944     0.0006609000047319569    0.0006199000054039061    3.6505121815184234       
4096                     0.15988759999891045      0.04367609999462729      0.0006534000058309175    0.000628800000413321     3.6607572566822273       
4096                     0.15988089999882504      0.043692300001566764     0.0006447999985539354    0.0006178000039653853    3.659246594779672        
4096                     0.1592069000034826       0.043604999998933636     0.0006476000053226016    0.0006230999933904968    3.6511156979102397       
4096                     0.1600336999981664       0.04344239999772981      0.0006670000002486631    0.0006270000012591481    3.6838135095328384       
4096                     0.15972619999956805      0.04362250000122003      0.0006360999977914616    0.000626500004727859     3.6615553898813875       
4096                     0.15917770000669407      0.043452999998407904     0.0006358000027830712    0.0006391999995685183    3.6632154284520344       
4096                     0.1586978999985149       0.04356070000358159      0.0006517999936477281    0.0006200999996508472    3.64314393445162         
4096                     0.15892290000192588      0.04344140000466723      0.0006610000054934062    0.0006264999974519014    3.658328230325257        
4096                     0.1599017000044114       0.04383650000090711      0.0006533000050694682    0.0006240000002435409    3.647684007644373        
4096                     0.15919510000094306      0.04352360000484623      0.0006524999989778735    0.0006236000044737011    3.657673078128122        
4096                     0.16014739999809535      0.04356009999901289      0.0006378000034601428    0.0006187999970279634    3.6764699805951877       
4096                     0.15971729999728268      0.04370239999843761      0.0006447999985539354    0.0006186000027810223    3.654657410187831        
4096                     0.15894800000387477      0.04370629999903031      0.0006537000008393079    0.0006231000006664544    3.636729716480262        
4096                     0.15943320000224048      0.04359449999901699      0.0006825999953434803    0.0006499000010080636    3.657186113060949        
4096                     0.15905660000134958      0.04353670000273269      0.0006794000000809319    0.0006228999991435558    3.653391276586558        
4096                     0.15941169999859994      0.04357039999740664      0.0006505999990622513    0.0006214000022737309    3.6587155501920643       
4096                     0.16012559999944642      0.04365909999614814      0.0006642000007559545    0.0006275999985518865    3.667634010173678        
8192                     1.1490696999971988       0.31991249999555293      0.002263499998662155     0.002229799996712245     3.591824952176523        
8192                     1.1449918999933288       0.31899450000491925      0.0022616999995079823    0.002275599996210076     3.58937818669498         
8192                     1.1449727999934112       0.32074670000292826      0.0022749999989173375    0.002248200005851686     3.5697103040591163       
8192                     1.144666000000143        0.31897529999696417      0.0022584000034839846    0.002238499997474719     3.588572532139753        
8192                     1.1442542999939178       0.31926540000131354      0.002258699998492375     0.002229600002465304     3.5840222585635964       
8192                     1.1455185000013444       0.32055379999656         0.0022705000010319054    0.002239599998574704     3.573560818850494        
8192                     1.1465969000055338       0.3196700000044075       0.0023278999942704104    0.0022335999965434894    3.5868142146267243       
8192                     1.1450927999976557       0.31890139999450184      0.0023082999978214502    0.002240699999674689     3.590742467789098        
8192                     1.1439385999983642       0.319393099998706        0.00226719999773195      0.002232999999250751     3.5816008548807057       
8192                     1.1441684999954305       0.319708900002297        0.0022735999955330044    0.002270400000270456     3.578782135834223        
8192                     1.1481547000003047       0.31865880000259494      0.0022519999984069727    0.0022299999982351437    3.6030848669202133       
8192                     1.1601367999974173       0.31999489999725483      0.0022849000015412457    0.002261299996462185     3.6254852811947          
8192                     1.1450522000013734       0.3197913999974844       0.002264499999000691     0.0022324000019580126    3.5806222431571983       
8192                     1.1454145000025164       0.3189173999999184       0.002279599997564219     0.00224760000128299      3.5915710463048094       
8192                     1.1458215000020573       0.3202113000006648       0.0022547000044141896    0.002252899997984059     3.578329371885622        
8192                     1.1444026999961352       0.32060769999952754      0.0023012999954517       0.002223999996203929     3.5694797723130844       
8192                     1.1581174000020837       0.3195672999936505       0.002270799996040296     0.0022354999964591116    3.6240172258710275       
8192                     1.1424401000040234       0.3214568000039435       0.0022771000003558584    0.002248400000098627     3.55394597342476         
8192                     1.1472211000000243       0.3209331999969436       0.002257899999676738     0.0023163000005297363    3.5746413895818505       
8192                     1.1486650000006193       0.3191099000032409       0.002268999996886123     0.002242900001874659     3.599590611225015        
8192                     1.1478680000000168       0.3201864000002388       0.002295799997227732     0.0022444999995059334    3.5849992379412763       
8192                     1.1481349000023329       0.31900420000602026      0.0022669000027235597    0.0022373999963747337    3.5991215789029276       
8192                     1.1484177000020281       0.32053289999748813      0.0022671000042464584    0.0022481999985757284    3.5828387663513723       
8192                     1.1493764000042574       0.3215392999991309       0.0022664999996777624    0.0022440000029746443    3.574606276767301        
8192                     1.1529496000002837       0.31997559999581426      0.002279899999848567     0.0022372000021277927    3.603242247269373        
8192                     1.1470937999984017       0.3200176999962423       0.0022619999945163727    0.002231500002380926     3.5844698590480184       
8192                     1.1489365000015823       0.31961389999923995      0.002268100004584994     0.0022404000046662986    3.5947638697951327       
8192                     1.1497546000027796       0.319586799996614        0.0023365000015473925    0.0022470999974757433    3.5976285629286355       
8192                     1.1481488999997964       0.3214949999965029       0.0022592999957851134    0.0022176999991643243    3.5712807353529157       
8192                     1.1476946999973734       0.32097259999864036      0.002265900002385024     0.0022504999942611903    3.5756781108488234       
8192                     1.1474809999999707       0.32083330000023125      0.0022511999995913357    0.002219899994088337     3.5765645274326063       
8192                     1.1489474999980303       0.3208033999981126       0.002318099999683909     0.002238599998236168     3.5814692113761573       
8192                     1.1501468999995268       0.3203609999982291       0.0022470999974757433    0.0022230999966268428    3.590158914492977        
8192                     1.1493107999995118       0.32350790000054985      0.0022672999984933995    0.0022261999984038994    3.5526514190149867       
8192                     1.1500146000034874       0.32054690000222763      0.002267099996970501     0.0022324999954435043    3.587664082839346        
8192                     1.1456819000013638       0.31857830000080867      0.002262200003315229     0.0022119999994174577    3.5962333278771834       
8192                     1.148134499999287        0.3208941000048071       0.0022539999990840442    0.0022486999951070175    3.5779233709254474       
8192                     1.1491888999953517       0.3212612999996054       0.0022948999976506457    0.002267699994263239     3.5771158866528996       
8192                     1.1502974000031827       0.31974479999917094      0.002263499998662155     0.0022163000030559488    3.597548419884124        
8192                     1.1512416999976267       0.3200051000021631       0.002282599998579826     0.0022577999989152886    3.5975729761489577       
8192                     1.1496513000020059       0.3253726999973878       0.002247299998998642     0.0022727000032318756    3.5333366936169983       
8192                     1.1497306000019307       0.32224419999693055      0.0022591000015381724    0.002278300002217293     3.5678860938781276       
8192                     1.148054700002831        0.31913409999833675      0.0022422000038204715    0.0022331000000122003    3.597405291408265        
8192                     1.1518690999946557       0.319758700003149        0.0022536000033142045    0.0022230999966268428    3.6023073022979895       
8192                     1.1468696000010823       0.318985399993835        0.0022621000025537796    0.002230799997050781     3.59536706075967         
8192                     1.1497837999995681       0.3207110000003013       0.0022727999967173673    0.0022383000032277778    3.5851087115767406       
8192                     1.1495274999979301       0.3196812000023783       0.0022708000033162534    0.0022388999932445586    3.5958558088163395       
8192                     1.1501155000005383       0.3207427000015741       0.0022621999960392714    0.002235500003735069     3.58578854637968         
8192                     1.150082599997404        0.3205632999961381       0.002245499999844469     0.002227500001026783     3.5876926647911955       
8192                     1.1492882999955327       0.32071430000360124      0.002250000005005859     0.002219300004071556     3.5835268336417414       
8192                     1.1462383000034606       0.3204611999972258       0.002242300004581921     0.002235899999504909     3.5768395675151425       
8192                     1.1462421999967773       0.3192101999957231       0.002260499997646548     0.002238400003989227     3.5908695900448517       
8192                     1.147204499997315        0.3195443000004161       0.002299600004334934     0.002245700001367368     3.590126627186969        
8192                     1.1517554000020027       0.32021440000244183      0.002265400005853735     0.002260700006445404     3.5968257517251563       
8192                     1.1476517000046442       0.31952369999635266      0.002328200003830716     0.0022468999959528446    3.591757669361442        
8192                     1.1496069999993779       0.31985379999969155      0.002248099997814279     0.0022954000014578924    3.594163958660133        
8192                     1.1552404999965802       0.3219636000067112       0.0022565000035683624    0.0022319000054267235    3.5881090283886117       
8192                     1.1491124000021955       0.3207847000012407       0.002270599994517397     0.0022364000033121556    3.5821920434414456       
8192                     1.1492365000012796       0.32171830000152113      0.002282199995534029     0.0022589000000152737    3.5721825584551636       
8192                     1.1498640999998315       0.31888160000380594      0.002271400000608992     0.0022433999984059483    3.6059280309246677       
8192                     1.1524494000041159       0.3200931000028504       0.002293700003065169     0.002244899995275773     3.6003568961463195       
8192                     1.147776600002544        0.31991759999800706      0.0022903999997652136    0.0022316999966278672    3.5877257144017527       
8192                     1.1480899999951362       0.31996169999911217      0.0022753000012016855    0.00224280000111321      3.5882107139645836       
8192                     1.1494269000031636       0.31993059999513207      0.002308800001628697     0.002272699995955918     3.5927382376698347       
8192                     1.1503991999998107       0.31993629999487894      0.00229350000154227      0.0022817000062786974    3.5957132717301055       
8192                     1.156092199998966        0.32227270000294084      0.0022356999979820102    0.0022180000014486723    3.5873103740664853       
8192                     1.1502350000009756       0.31806330000108574      0.00225499999942258      0.0022364999967976473    3.6163713323638693       
8192                     1.1518330999970203       0.32051209999917774      0.0022621999960392714    0.0022478999962913804    3.5937273506990075       
8192                     1.14886480000132         0.3218265999967116       0.0023102999984985217    0.002238599998236168     3.5698254899161816       
8192                     1.1517869999952381       0.319331400001829        0.00226430000475375      0.0022507000030600466    3.6068704799735984       
8192                     1.147387200006051        0.32163020000007236      0.0022661000039079227    0.0022361000010278076    3.5674112692334017       
8192                     1.148308800002269        0.3197416999973939       0.0022346000041579828    0.0022301999997580424    3.59136390408767         
8192                     1.1513369999956922       0.32060790000105044      0.002264800001285039     0.002234799998404924     3.591106145518934        
8192                     1.146347699999751        0.3199116999967373       0.002391499998338986     0.002271899997140281     3.5833253363707622       
8192                     1.1472557000015513       0.318666300001496        0.0022401000023819506    0.00223089999781223      3.600178933248246        
8192                     1.1470189999963623       0.31845289999910165      0.002304299996467307     0.0022477000020444393    3.601848185397583        
8192                     1.1487937000056263       0.3200758000020869       0.002263000002130866     0.0022526000029756688    3.589130137292904        
8192                     1.151790700001584        0.31989760000578826      0.0022939999980735593    0.0022376999986590818    3.6004980968308087       
8192                     1.1461418000035337       0.32040470000356436      0.002266899995447602     0.0022533000010298565    3.5771691238948224       
8192                     1.1480248000007123       0.32003469999472145      0.002283599998918362     0.0022430999961216003    3.5871885143068782       
8192                     1.149513600001228        0.3201852999991388       0.002259000000776723     0.0022414000050048344    3.5901510781548054       
8192                     1.1481984999991255       0.3191426999983378       0.00225979999959236      0.0022448000017902814    3.597758933558893        
8192                     1.148352900003374        0.3196886000005179       0.002253099999506958     0.0022380000009434298    3.592098373234184        
8192                     1.1467995999992127       0.3177075999992667       0.0022723000001860783    0.0022217000005184673    3.60960707267267         
8192                     1.1498121000040555       0.319629999998142        0.0022573000023839995    0.0022504000007756986    3.597322216346211        
8192                     1.1531892999992124       0.31999029999860795      0.0022712999998475425    0.002358099998673424     3.603825803482884        
8192                     1.1631323999972665       0.318255300000601        0.0022573000023839995    0.002231200000096578     3.6547149411025366       
8192                     1.1478572999985772       0.3192759000012302       0.002261900001030881     0.002261599998746533     3.5951893017736523       
8192                     1.1459143000029144       0.320621899998514        0.002279200001794379     0.0022441000037360936    3.5740362714094873       
8192                     1.1447523000024376       0.31983839999884367      0.002277300001878757     0.002229100005934015     3.579158412518873        
8192                     1.145877199996903        0.31930100000317907      0.002275200000440236     0.002267300005769357     3.5887053281558603       
8192                     1.151090800005477        0.3193537999977707       0.0022503000000142492    0.002234899999166373     3.6044374609399115       
8192                     1.147416499996325        0.3194915000058245       0.002265400005853735     0.0022504999942611903    3.5913834952585812       
8192                     1.1463341999988188       0.3208371000000625       0.002263800000946503     0.0022405999989132397    3.5729477669465144       
8192                     1.147192399999767        0.32863150000048336      0.0022664999996777624    0.0022519999984069727    3.490816918031533        
8192                     1.148968400004378        0.31882949999999255      0.002256100000522565     0.0022405999989132397    3.6037079379555683       
8192                     1.1495914999977686       0.32074999999895226      0.0022766000038245693    0.0022566999978153035    3.5840732657880707       
8192                     1.1528447999953642       0.3212453000014648       0.002268999996886123     0.0022365999975590967    3.588674449058422        
8192                     1.1487877999970806       0.31978869999875315      0.0022825000050943345    0.0022452000048360787    3.592333938008315        
8192                     1.1494445000062115       0.33580390000133775      0.0022523000006913207    0.0022290000051725656    3.422963521274269        
8192                     1.1500643999970634       0.31833219999680296      0.00225720000162255      0.0022409999946830794    3.6127806109737364       
8192                     1.154426399996737        0.3193985000034445       0.0022562000012840144    0.0022133999955258332    3.6143763980866765       
8192                     1.1699995000017225       0.32045279999874765      0.0023365000015473925    0.0022437000006902963    3.6510821562685516       
8192                     1.1507678000052692       0.3211135999954422       0.002257800006191246     0.0022412999969674274    3.583678175018445        
8192                     1.151354400004493        0.3185864000042784       0.0022361000010278076    0.002227400000265334     3.6139471113300226       
8192                     1.1480376999970758       0.3196394999977201       0.0022806000051787123    0.0022361000010278076    3.591664046543886        
8192                     1.1495436999975936       0.32073249999666587      0.002251499994599726     0.0024810999966575764    3.584119788326857        
8192                     1.1547317999938969       0.3205242999974871       0.0022676000007777475    0.0022709000040777028    3.6026341840632674       
8192                     1.147307399995043        0.31965669999772217      0.002268000003823545     0.002297500002896413     3.589186148775291        
8192                     1.1546870000020135       0.32094629999483004      0.0022603999968850985    0.0022973000013735145    3.597757631169494        
8192                     1.1490426000018488       0.3206560000035097       0.002282000001287088     0.002248200005851686     3.583412130099771        
8192                     1.152038200001698        0.3174959999960265       0.0022576999981538393    0.0022305000020423904    3.628512485247423        
8192                     1.1561037999999826       0.32098270000278717      0.002252499994938262     0.002223700001195539     3.601763584111991        
8192                     1.1501610999985132       0.3202212999967742       0.0022593999965465628    0.0022299999982351437    3.5917695044336515       
8192                     1.1531115000034333       0.3236722000001464       0.0022917000023880973    0.00222869999561226      3.562590485073824        
8192                     1.1503615000037826       0.32016259999363683      0.0022830000016256236    0.002249700002721511     3.593053967036268        
8192                     1.1504099000012502       0.3204217000020435       0.002289800002472475     0.0022403000039048493    3.590299595794896        
8192                     1.1501553999987664       0.32189710000238847      0.002264100003230851     0.002238999994006008     3.5730530035537202       
8192                     1.1487358000013046       0.3190065000017057       0.002275099999678787     0.002236200001789257     3.60097929037547         
8192                     1.146743700002844        0.3183145000002696       0.0023112999988370575    0.002246300005936064     3.602549365491904        
8192                     1.1452332999979262       0.31932729999971343      0.0022616999995079823    0.0022332000007736497    3.586393333732988        
8192                     1.1551981000011438       0.3208213000034448       0.002253899998322595     0.002210699996794574     3.6007525061108474       
8192                     1.1468050999974366       0.3186691999944742       0.0022695000006933697    0.00222389999544248      3.5987321649450985       
8192                     1.1512196999974549       0.32002469999861205      0.0022761000000173226    0.002357299999857787     3.5972838971568373       
8192                     1.1563887000011164       0.355533199995989        0.0022581000011996366    0.002237000000604894     3.2525477227278983       
8192                     1.1611900999996578       0.3207288999983575       0.0022712999998475425    0.002251600002637133     3.620472305444269        
8192                     1.1514277999958722       0.3220484999983455       0.002275099999678787     0.002283100002387073     3.5753242135944974       
8192                     1.1725923999983934       0.3369257000013022       0.0022926999954506755    0.0022509000045829453    3.480269982354749        
8192                     1.1546587999982876       0.3243637999985367       0.0022739999985788018    0.002242100003059022     3.5597646839859953       
8192                     1.1522839999961434       0.3201654000004055       0.0022845999992568977    0.002264699993247632     3.5990272527721108       
8192                     1.1463978000028874       0.3213283000004594       0.0022812000024714507    0.0022573000023839995    3.5676838921478384       
8192                     1.1475418000045465       0.31888230000186013      0.002290800002811011     0.002216900000348687     3.5986374910048395       
8192                     1.148720900004264        0.320048500005214        0.002315099998668302     0.0022470999974757433    3.5892088229926085       
8192                     1.1477328999972087       0.31976230000145733      0.0022632000036537647    0.002245999996375758     3.5893315127892746       
8192                     1.144128300002194        0.3190952000004472       0.0022944000011193566    0.002238499997474719     3.5855390491633545       
8192                     1.1499489999987418       0.3213104000024032       0.002271800003654789     0.002235500003735069     3.5789348866085287       
8192                     1.1472966999936034       0.322092899994459        0.002263999995193444     0.002255499995953869     3.5620055580652057       
8192                     1.145853399997577        0.32105919999594335      0.002255300001706928     0.0022486999951070175    3.5689785560172553       
8192                     1.148892799996247        0.31863460000022314      0.0022668000019621104    0.0022745000023860484    3.6056749643492654       
8192                     1.155767600001127        0.3219454999998561       0.0022720999986631796    0.0022353000022121705    3.5899479880962573       
8192                     1.1449941999962903       0.3180401999998139       0.002294999998412095     0.0022488000031444244    3.6001555778073344       
8192                     1.1444339000008767       0.3193828000003123       0.0022729000047547743    0.0022610000014537945    3.5832671640418887       
8192                     1.144835899998725        0.31931149999581976      0.0022492999996757135    0.002235599997220561     3.5853262410333246       
8192                     1.1495953000048758       0.3174908999935724       0.002268699994601775     0.002235500003735069     3.6208763779627993       
8192                     1.1463500000027125       0.3187076999965939       0.0022686000011162832    0.0022414000050048344    3.596869482648094        
8192                     1.1439389000006486       0.32020829999964917      0.0022687000018777326    0.0022962000002735294    3.5724835989632435       
8192                     1.1461399999971036       0.31831680000323104      0.0022679000030620955    0.002245199997560121     3.6006267969063206       
8192                     1.1440078999949037       0.3193989999999758       0.0022734000012860633    0.0022637999936705455    3.5817516648298535       
8192                     1.146997800002282        0.31993689999944763      0.002255600003991276     0.002281600005517248     3.5850750570011223       
8192                     1.1457704999993439       0.31986289999622386      0.002275200000440236     0.0022488000031444244    3.582067504586716        
8192                     1.1426048999928753       0.3189857000033953       0.0022720999986631796    0.0022379000001819804    3.5819941144092455       
8192                     1.1442712000061874       0.31793860000470886      0.0022946000026422553    0.0022400000016205013    3.5990320143236465       
8192                     1.142568700000993        0.3186850000056438       0.00224280000111321      0.002218500005255919     3.5852603667595226       
8192                     1.1443542999986676       0.3186732999965898       0.0022823999970569275    0.002262099995277822     3.590995229317654        
8192                     1.1461664999951608       0.31918579999910435      0.0022627999933320098    0.0022587999992538244    3.590906926305547        
8192                     1.1450199000028078       0.31787839999742573      0.0022140000000945292    0.002154999994672835     3.6020689043737497       
8192                     1.1456680000046617       0.3197894000040833       0.0022687999953632243    0.002249899996968452     3.5825702790337424       
8192                     1.1439514000012423       0.3180705999984639       0.00226979999570176      0.0022339999995892867    3.5965329710031892       
8192                     1.1445361000005505       0.31929089999903226      0.0022376999986590818    0.0022210999959497713    3.584618603298808        
8192                     1.1433671999984654       0.3205249000020558       0.0022709999975631945    0.0022907000020495616    3.567171224423226        
8192                     1.1459806999991997       0.3193470999976853       0.0023533999992650934    0.002226599994173739     3.5885113721324102       
8192                     1.1477238000006764       0.31965409999975236      0.0022739999985788018    0.0022452999983215705    3.5905180005561186       
8192                     1.1434039999949164       0.31917329999851063      0.0022689000034006312    0.0022224000058486126    3.582392386832645        
8192                     1.145875199996226        0.3188520000039716       0.002213100000517443     0.002168099999835249     3.593752587350724        
8192                     1.1450464999943506       0.31933849999768427      0.00226499999553198      0.002236399996036198     3.5856825907388368       
8192                     1.1704814000040642       0.3199813999963226       0.0022962000002735294    0.002303300003404729     3.6579669943862863       
8192                     1.1489050000018324       0.31881159999466036      0.0022635999994236045    0.002231099999335129     3.6037114083084645       
8192                     1.1480001000018092       0.3200922999967588       0.002288399999088142     0.0022489999973913655    3.5864658413008796       
8192                     1.1496947999985423       0.31992170000012266      0.0022593999965465628    0.0022419000015361235    3.5936755774869336       
8192                     1.1472244999968098       0.31981220000307076      0.0022606999991694465    0.0022338999988278374    3.587181789768478        
8192                     1.147701900001266        0.3193721999996342       0.002260100001876708     0.0022440000029746443    3.593618668132607        
8192                     1.1500107000028947       0.3197578999970574       0.0022768999988329597    0.002270099997986108     3.5965044179157974       
8192                     1.1490113999971072       0.31955030000244733      0.002315899997483939     0.002230700003565289     3.5957137264096053       
8192                     1.152479599993967        0.3190952999939327       0.002262899994093459     0.0022437000006902963    3.6117097306537587       
8192                     1.148988199995074        0.31996929999877466      0.0022552000009454787    0.0022757999977329746    3.5909326300975564       
8192                     1.1476344999973662       0.3205067999952007       0.0022689000034006312    0.0022342000011121854    3.5806868996681223       
8192                     1.1477433999971254       0.3192466999971657       0.0022533000010298565    0.0022354999964591116    3.595161359560851        
8192                     1.1504028999988805       0.31852259999868693      0.002214399995864369     0.002158199997211341     3.6116837549474443       
8192                     1.1436285999952815       0.3172279999998864       0.0022658000016235746    0.0022592000022996217    3.605068278952965        
8192                     1.144733900000574        0.3191965000005439       0.002253200000268407     0.0022518999976455234    3.5862984086561838       
8192                     1.1449929000009433       0.3195244000016828       0.002268199998070486     0.0022261000049184076    3.583428683364754        
8192                     1.1434185999969486       0.32037030000356026      0.002249500001198612     0.0022349999999278225    3.569053061361312        
8192                     1.1445678000018233       0.31899730000441195      0.0022466000009444542    0.0022402000031434       3.5880172026095303       
8192                     1.1437781999993604       0.3183273999966332       0.0022611999957007356    0.002212899998994544     3.59308749423222         
8192                     1.1427384999988135       0.3180766000004951       0.002301100001204759     0.0022463999994215555    3.5926518957918776       
8192                     1.1453664000000572       0.3195957999996608       0.002280699998664204     0.0022390000012819655    3.5837967833159032       
8192                     1.1433260999983759       0.3303654999981518       0.0023082999978214502    0.002205500000854954     3.4607914567494853       
8192                     1.1622924000039347       0.319175799995719        0.002286000002641231     0.002255300001706928     3.6415429992484527       
8192                     1.1443559000035748       0.3197987000021385       0.002270099997986108     0.0022438000014517456    3.578363201588757        
8192                     1.1467980000015814       0.320215100000496        0.0022657000008621253    0.0022257000018726103    3.5813364204242863       
8192                     1.1442003999982262       0.3192953999969177       0.002302699998836033     0.0022582999954465777    3.583516705875724        
8192                     1.1440985999943223       0.3187557999990531       0.002270599994517397     0.0022643999982392415    3.589263630646786        
8192                     1.1443097999945167       0.3175607000011951       0.00224980000348296      0.0022200999956112355    3.603436445347961        
8192                     1.144327300004079        0.31739250000100583      0.002261599998746533     0.0022408000004361384    3.605401198832526        
8192                     1.1460487000003923       0.3184892999997828       0.0022160999942570925    0.0021565999995800667    3.598389961613071        
8192                     1.143518500000937        0.32019859999854816      0.002272999998240266     0.0022565000035683624    3.571278887559539        
8192                     1.1416194999983418       0.3179376999978558       0.002271800003654789     0.00223089999781223      3.5907018890997855       
8192                     1.1459819000010611       0.3177540999968187       0.002263999995193444     0.0022255000003497116    3.6065054707792426       
8192                     1.144471200001135        0.3186706000051345       0.002256100000522565     0.0022405999989132397    3.591392491126245        
8192                     1.1485610000017914       0.32122090000484604      0.002278899999510031     0.002246000003651716     3.5756110514118595       
8192                     1.144708100000571        0.3186663999949815       0.002265400005853735     0.0022450999967986718    3.5921832361949626       
8192                     1.1442496000017854       0.3174743999989005       0.002274700003908947     0.002240500005427748     3.6042263565369312       
8192                     1.1433762000015122       0.318114699999569        0.0022666000004392117    0.00224280000111321      3.5942262335033917       
8192                     1.1445138999988558       0.31869990000268444      0.0022223000050871633    0.002163299999665469     3.5911962946622054       
8192                     1.1523157000046922       0.3207869000034407       0.002277900006447453     0.0022814000039943494    3.5921532331661075       
8192                     1.1444276999973226       0.3185719999964931       0.002268800002639182     0.0022376999986590818    3.592367502510957        
8192                     1.1438527999998769       0.3202705000003334       0.0022576000046683475    0.002248799995868467     3.571520948693951        
8192                     1.1451662999970722       0.3187763999958406       0.0022595999980694614    0.002239299996290356     3.5923810545950525       
8192                     1.1436212999979034       0.31868930000200635      0.0022693999999319203    0.0022402999966288917    3.588514895199505        
8192                     1.1440038999935496       0.33028099999501137      0.0022516999961226247    0.0022368999998434447    3.4637290670999206       
8192                     1.1976151000053505       0.33052109999698587      0.002262500005599577     0.0022374000036506914    3.6234149650847463       
8192                     1.1445953000002191       0.319411599994055        0.00221389999933308      0.0021433000001707114    3.583449380114945        
8192                     1.1446467999994638       0.3188700999962748       0.0022757999977329746    0.002233300001535099     3.5896962431185493       
8192                     1.1429044999968028       0.318736599998374        0.0022742000001017004    0.0022520000056829304    3.5857334865297337       
8192                     1.1428859000006923       0.3200809999980265       0.002254500002891291     0.002215799999248702     3.5706146256970546       
8192                     1.1436462999990908       0.3201744000034523       0.002276999999594409     0.0022361999945132993    3.5719479758118053       
8192                     1.1416803999964031       0.31924079999589594      0.0022210000024642795    0.0021737999995821156    3.5762358696353354       
8192                     1.1435407000026316       0.31993209999927785      0.0022137999985716306    0.002154599998902995     3.574323114202085        
8192                     1.1465233000053558       0.31836549999570707      0.002200099996116478     0.002137400006176904     3.6012799754395997       
8192                     1.1433881999982987       0.31848840000020573      0.0022002999976393767    0.002166500002203975     3.590046607655287        
8192                     1.1428493999992497       0.3181436000013491       0.0022116999971331097    0.0021494000029633753    3.5922438797901433       
8192                     1.1424415000001318       0.3187538999991375       0.0022705000010319054    0.0022948999976506457    3.5840863437379844       
8192                     1.1432835000014165       0.3186169999971753       0.0022554000024683774    0.0022305000020423904    3.588268987566741        
8192                     1.1450029000043287       0.31911219999892637      0.0022628000006079674    0.0022309999985736795    3.5880887662965595       
